Name,SFR_NUV_Msun_per_yr,SFR_FUV_Msun_per_yr,SFR_Halpha_Msun_per_yr
 ,,,
---------------------------,,,
Arp104_1_sbt_disk_1_0      ,,,15.66707299568195
Arp104_10_sbt_disk_1_0     ,,,11.563791973003344
Arp104_2_sbt_disk_1_0      ,,,14.921021900649475
Arp104_3_sbt_disk_1_0      ,,,253.6573723110411
Arp104_4_sbt_disk_1_0      ,,,197.70354018360555
Arp104_5_sbt_disk_1_0      ,,,30.215069348815188
Arp104_6_sbt_disk_1_0      ,,,126.82868615552054
Arp104_7_sbt_disk_1_0      ,,,12.309843068035818
Arp104_8_sbt_disk_1_0      ,,,843.0377373866954
Arp104_9_sbt_disk_1_0      ,,,395.4070803672111
Arp120_10_sbt_disk_1_0     ,0.036176695826392866,0.016236784740979476,
Arp120_11_sbt_disk_1_0     ,0.021743998278855554,0.008925484009661231,231.27583946006686
Arp120_12_sbt_disk_1_0     ,0.08070916391714944,0.047001218987045845,41.032810226786054
Arp120_4_sbt_disk_1_0      ,0.0014242793632438134,0.007691108561516593,34.31835037149379
Arp120_5_sbt_disk_1_0      ,0.01794591997687205,0.018515631722169575,
Arp120_6_sbt_disk_1_0      ,0.016616592571177827,0.009210339882309996,41.032810226786054
Arp120_7_sbt_disk_1_0      ,0.07273319948298408,0.055926702996707066,343.18350371493796
Arp120_8_sbt_disk_1_0      ,0.055736799081607905,0.04177886132181853,205.16405113393031
Arp202_1_sbt_disk_1_0      ,0.21269238491107614,0.17091352358925763,
Arp202_2_sbt_disk_1_0      ,0.389303025953309,0.4462742004830615,
Arp202_3_sbt_disk_1_0      ,0.6646637028471131,0.6836540943570305,
Arp205_1_sbt_disk_1_0      ,1.1394234905950509,,4729.963942505883
Arp205_2_sbt_disk_1_0      ,0.5003968162863265,,4379.319927840622
Arp205_3_sbt_disk_1_0      ,0.010444715330454633,,44.76306570194843
Arp244_1_sbt_disk_1_0      ,1.0254811415355456,0.5317309622776905,29763.708436320543
Arp244_10_sbt_disk_1_0     ,3.9215158467979663,2.9055299010173794,15734.217594234873
Arp244_11_sbt_disk_1_0     ,2.3548085472297715,1.8515631722169574,7576.148870054771
Arp244_2_sbt_disk_1_0      ,1.1204330990851332,0.7121396816219068,24671.909712723907
Arp244_3_sbt_disk_1_0      ,0.30384626415868027,0.19939911085413387,333.85786502703206
Arp244_4_sbt_disk_1_0      ,2.174399827885555,1.7376208231574524,11690.620659158865
Arp244_5_sbt_disk_1_0      ,0.31239194033814316,0.20984382618458852,88.03402921383191
Arp244_6_sbt_disk_1_0      ,0.9305291839859581,0.6551685070921541,4386.780438790946
Arp244_7_sbt_disk_1_0      ,0.626682919827278,0.427283808973144,2562.6855114365476
Arp244_8_sbt_disk_1_0      ,0.8830532052111643,0.6551685070921541,3047.6187232076554
Arp244_9_sbt_disk_1_0      ,1.5097361250384425,0.8640628137012468,6162.3820449682335
Arp245_1_sbt_disk_1_0      ,0.020889430660909265,0.012343754481446381,
Arp245_2_sbt_disk_1_0      ,0.007406252688867829,0.0056971174529752535,14.54799635313324
Arp245_3_sbt_disk_1_0      ,0.004557693962380203,0.011774042736148856,8.579587592873448
Arp245_4_sbt_disk_1_0      ,0.012343754481446381,0.009495195754958758,171.21872630995273
Arp245_5_sbt_disk_1_0      ,0.005602165495425666,0.007691108561516593,6.714459855292264
Arp24_1_sbt_disk_1_0       ,0.21838950236405139,0.16141832783429888,197.70354018360555
Arp24_10_sbt_disk_1_0      ,0.16236784740979474,0.13578129929591018,470.0121898704585
Arp24_11_sbt_disk_1_0      ,0.08640628137012468,0.06741588986020716,302.15069348815194
Arp24_2_sbt_disk_1_0       ,0.12343754481446384,0.09495195754958757,417.78861321818533
Arp24_3_sbt_disk_1_0       ,0.8735580094562055,0.8260820306814118,6251.90817637213
Arp24_4_sbt_disk_1_0       ,0.2544712462328947,0.2259856589680184,649.0644526782522
Arp24_5_sbt_disk_1_0       ,0.23737989387396893,0.22788469811901013,458.8214234449714
Arp24_6_sbt_disk_1_0       ,0.313341459913639,0.2848558726487627,1932.272336134107
Arp24_7_sbt_disk_1_0       ,0.2848558726487627,0.22788469811901013,432.70963511883485
Arp24_8_sbt_disk_1_0       ,0.04462742004830615,0.04177886132181853,179.0522628077937
Arp24_9_sbt_disk_1_0       ,0.05981973325624017,0.053173096227769036,361.8347810907498
Arp253_1_sbt_disk_1_0      ,0.19655055212764624,0.1633173669852906,742.3208395573114
Arp253_2_sbt_disk_1_0      ,0.31239194033814316,0.25731980495938234,2118.7851098922256
Arp253_3_sbt_disk_1_0      ,0.4719112290214503,0.4396275634545905,1272.017117030368
Arp261_1_sbt_disk_1_0      ,0.026586548113884518,0.01709135235892576,26.111788326136583
Arp261_2_sbt_disk_1_0      ,0.5697117452975254,0.43677900472810277,2458.238358132001
Arp261_3_sbt_disk_1_0      ,0.037980783019835034,0.029435106840372142,138.01945258100767
Arp261_4_sbt_disk_1_0      ,0.1329327405694226,0.12343754481446384,29.469018253782714
Arp261_5_sbt_disk_1_0      ,0.026586548113884518,0.01993991108541339,104.44715330454633
Arp261_6_sbt_disk_1_0      ,0.04367790047281028,0.03323318514235565,96.9866423542216
Arp261_7_sbt_disk_1_0      ,0.04177886132181853,0.036081743868843275,29.84204380129895
Arp269_1_sbt_disk_1_0      ,7.653127778496759,3.376491610463334,1193.6817520519583
Arp269_2_sbt_disk_1_0      ,6.447237917616997,4.149400544916976,11701.811425584352
Arp270_1_sbt_disk_1_0      ,0.8260820306814118,0.6171877240723191,
Arp270_2_sbt_disk_1_0      ,0.778606051906618,0.626682919827278,
Arp270_3_sbt_disk_1_0      ,0.8355772264363706,0.7216348773768655,
Arp270_4_sbt_disk_1_0      ,0.32283665566859776,0.24687508962892768,
Arp271_1_sbt_disk_1_0      ,0.005507213537876078,0.004747597877479379,
Arp271_10_sbt_disk_1_0     ,0.05507213537876078,0.0313341459913639,
Arp271_11_sbt_disk_1_0     ,0.06836540943570305,0.037980783019835034,
Arp271_12_sbt_disk_1_0     ,0.053173096227769036,0.028485587264876266,
Arp271_13_sbt_disk_1_0     ,0.0313341459913639,0.036081743868843275,
Arp271_14_sbt_disk_1_0     ,0.04652645919929791,0.036081743868843275,
Arp271_15_sbt_disk_1_0     ,0.030384626415868022,0.029435106840372142,
Arp271_16_sbt_disk_1_0     ,0.06171877240723192,0.053173096227769036,
Arp271_17_sbt_disk_1_0     ,0.01709135235892576,0.018040871934421637,
Arp271_18_sbt_disk_1_0     ,0.015192313207934011,0.01709135235892576,
Arp271_19_sbt_disk_1_0     ,0.01709135235892576,0.011394234905950507,
Arp271_2_sbt_disk_1_0      ,0.03987982217082678,0.030384626415868022,
Arp271_20_sbt_disk_1_0     ,0.03418270471785152,0.029909866628120084,
Arp271_21_sbt_disk_1_0     ,0.01709135235892576,0.020889430660909265,
Arp271_22_sbt_disk_1_0     ,0.016141832783429885,0.014242793632438133,
Arp271_23_sbt_disk_1_0     ,0.03418270471785152,0.026586548113884518,
Arp271_24_sbt_disk_1_0     ,0.0702644485866948,0.06361781155822367,
Arp271_25_sbt_disk_1_0     ,0.17186304316475348,0.10159859457805868,
Arp271_26_sbt_disk_1_0     ,0.014242793632438133,0.016141832783429885,
Arp271_27_sbt_disk_1_0     ,0.08355772264363706,0.060769252831736044,
Arp271_28_sbt_disk_1_0     ,0.05222357665227316,0.04557693962380203,
Arp271_29_sbt_disk_1_0     ,0.16141832783429888,0.10634619245553807,
Arp271_3_sbt_disk_1_0      ,0.22788469811901013,0.16426688656078645,
Arp271_30_sbt_disk_1_0     ,0.26491596156334934,0.16901448443826583,
Arp271_31_sbt_disk_1_0     ,0.06741588986020716,0.04462742004830615,
Arp271_32_sbt_disk_1_0     ,0.07596156603967007,0.06551685070921544,
Arp271_33_sbt_disk_1_0     ,0.058870213680744285,0.05697117452975253,
Arp271_34_sbt_disk_1_0     ,0.01709135235892576,0.016141832783429885,
Arp271_35_sbt_disk_1_0     ,0.04652645919929791,0.04367790047281028,
Arp271_36_sbt_disk_1_0     ,0.13862985802239783,0.08545676179462881,
Arp271_37_sbt_disk_1_0     ,0.11394234905950507,0.10159859457805868,
Arp271_38_sbt_disk_1_0     ,0.005222357665227316,0.005507213537876078,
Arp271_39_sbt_disk_1_0     ,0.058870213680744285,0.04177886132181853,
Arp271_4_sbt_disk_1_0      ,0.04082934174632265,0.0313341459913639,
Arp271_40_sbt_disk_1_0     ,0.02563702853838864,0.012343754481446381,
Arp271_41_sbt_disk_1_0     ,0.06551685070921544,0.04367790047281028,
Arp271_42_sbt_disk_1_0     ,0.24687508962892768,0.18040871934421637,
Arp271_44_sbt_disk_1_0     ,0.057920694105248416,0.04272838089731441,
Arp271_45_sbt_disk_1_0     ,0.01405288971733896,0.01861058367971916,
Arp271_46_sbt_disk_1_0     ,0.18040871934421637,0.1329327405694226,
Arp271_48_sbt_disk_1_0     ,0.018040871934421637,0.01709135235892576,
Arp271_49_sbt_disk_1_0     ,0.05127405707677728,0.05981973325624017,
Arp271_5_sbt_disk_1_0      ,0.06171877240723192,0.04177886132181853,
Arp271_50_sbt_disk_1_0     ,0.09875003585157105,0.08735580094562057,
Arp271_51_sbt_disk_1_0     ,0.030384626415868022,0.015192313207934011,
Arp271_52_sbt_disk_1_0     ,0.006836540943570304,0.008260820306814118,
Arp271_53_sbt_disk_1_0     ,0.023737989387396893,0.014242793632438133,
Arp271_54_sbt_disk_1_0     ,0.018990391509917517,0.012343754481446381,
Arp271_55_sbt_disk_1_0     ,0.018990391509917517,0.02183895023640514,
Arp271_56_sbt_disk_1_0     ,0.02183895023640514,0.013293274056942259,
Arp271_57_sbt_disk_1_0     ,0.006076925283173605,0.008070916391714943,
Arp271_58_sbt_disk_1_0     ,0.03893030259533091,0.03228366556685977,
Arp271_59_sbt_disk_1_0     ,0.011394234905950507,0.005792069410524842,
Arp271_6_sbt_disk_1_0      ,0.05032453750128141,0.03703126344433915,
Arp271_60_sbt_disk_1_0     ,0.024687508962892762,0.024687508962892762,
Arp271_61_sbt_disk_1_0     ,0.011394234905950507,0.010444715330454633,
Arp271_62_sbt_disk_1_0     ,0.010444715330454633,0.009495195754958758,
Arp271_63_sbt_disk_1_0     ,0.02183895023640514,0.02183895023640514,
Arp271_64_sbt_disk_1_0     ,0.004177886132181853,0.00351322242933474,
Arp271_65_sbt_disk_1_0     ,0.0023737989387396896,0.0033233185142355647,
Arp271_66_sbt_disk_1_0     ,0.011394234905950507,0.011394234905950507,
Arp271_68_sbt_disk_1_0     ,0.04082934174632265,0.037980783019835034,
Arp271_69_sbt_disk_1_0     ,0.05222357665227316,0.053173096227769036,
Arp271_7_sbt_disk_1_0      ,0.0626682919827278,0.06171877240723192,
Arp271_70_sbt_disk_1_0     ,0.02563702853838864,0.020889430660909265,
Arp271_71_sbt_disk_1_0     ,0.0030384626415868024,0.00351322242933474,
Arp271_72_sbt_disk_1_0     ,0.008355772264363705,0.007786060519066181,
Arp271_8_sbt_disk_1_0      ,0.015192313207934011,0.018990391509917517,
Arp271_9_sbt_disk_1_0      ,0.012343754481446381,0.011394234905950507,
Arp279_1_sbt_disk_1_0      ,,,443.90040154432194
Arp279_10_sbt_disk_1_0     ,,,78.33536497840974
Arp279_11_sbt_disk_1_0     ,,,1186.2212411016333
Arp279_12_sbt_disk_1_0     ,,,2898.4085042011607
Arp279_13_sbt_disk_1_0     ,,,302.15069348815194
Arp279_14_sbt_disk_1_0     ,,,3536.282190453926
Arp279_15_sbt_disk_1_0     ,,,872.8797811879944
Arp279_16_sbt_disk_1_0     ,,,992.2479563931901
Arp279_18_sbt_disk_1_0     ,,,488.6634672462704
Arp279_2_sbt_disk_1_0      ,,,2267.995328898721
Arp279_3_sbt_disk_1_0      ,,,1454.7996353133237
Arp279_4_sbt_disk_1_0      ,,,2398.5542705294038
Arp279_5_sbt_disk_1_0      ,,,552.0778103240307
Arp279_6_sbt_disk_1_0      ,,,1219.7935403780946
Arp279_7_sbt_disk_1_0      ,,,783.3536497840975
Arp279_8_sbt_disk_1_0      ,,,395.4070803672111
Arp279_9_sbt_disk_1_0      ,,,697.5577738553629
Arp280_1_sbt_disk_1_0      ,0.16616592571177827,0.11774042736148857,283.4994161123401
Arp282_1_sbt_disk_1_0      ,0.001709135235892576,0.0018990391509917514,9.325638687905924
Arp282_2_sbt_disk_1_0      ,0.002943510684037214,0.0024687508962892763,57.44593431750049
Arp282_3_sbt_disk_1_0      ,0.006266829198272779,0.004367790047281028,167.8614963823066
Arp282_4_sbt_disk_1_0      ,0.005222357665227316,0.0037031263444339147,52.22357665227317
Arp282_5_sbt_disk_1_0      ,0.0036081743868843275,0.0028485587264876267,32.826248181428845
Arp283_1_sbt_disk_1_0      ,0.009400243797409167,0.0024687508962892763,7.460510950324737
Arp284_1_sbt_disk_1_0      ,,0.01709135235892576,
Arp284_2_sbt_disk_1_0      ,,0.02563702853838864,
Arp284_3_sbt_disk_1_0      ,,0.022788469811901014,
Arp284_4_sbt_disk_1_0      ,,0.0740625268886783,
Arp285_1_sbt_disk_1_0      ,0.06361781155822367,0.04747597877479379,746.0510950324738
Arp285_2_sbt_disk_1_0      ,0.04462742004830615,0.02183895023640514,492.3937227214327
Arp285_3_sbt_disk_1_0      ,0.0664663702847113,0.04557693962380203,343.18350371493796
Arp285_4_sbt_disk_1_0      ,0.09400243797409169,0.07596156603967007,313.34145991363897
Arp285_5_sbt_disk_1_0      ,0.04177886132181853,0.03987982217082678,111.90766425487107
Arp285_6_sbt_disk_1_0      ,0.15002409292834834,0.09685099670057933,2167.278431069336
Arp285_7_sbt_disk_1_0      ,0.08830532052111643,0.04557693962380203,3603.426789006848
Arp285_8_sbt_disk_1_0      ,0.0030384626415868024,0.0018040871934421638,7.833536497840975
Arp290_10_sbt_disk_1_0     ,0.03323318514235565,0.020889430660909265,71.99393067063372
Arp290_11_sbt_disk_1_0     ,0.005887021368074428,0.006551685070921542,5.2223576652273165
Arp290_12_sbt_disk_1_0     ,0.009210339882309996,0.012343754481446381,5.2223576652273165
Arp290_2_sbt_disk_1_0      ,0.005602165495425666,0.005222357665227316,8.952613140389685
Arp290_3_sbt_disk_1_0      ,0.006551685070921542,0.005032453750128141,19.02430292332808
Arp290_4_sbt_disk_1_0      ,0.0038930302595330903,0.0038930302595330903,5.2223576652273165
Arp290_5_sbt_disk_1_0      ,0.004177886132181853,0.004367790047281028,5.2223576652273165
Arp290_6_sbt_disk_1_0      ,0.0054122615803264915,0.0044627420048306155,23.87363504103916
Arp290_7_sbt_disk_1_0      ,0.0037980783019835027,0.005032453750128141,5.2223576652273165
Arp290_8_sbt_disk_1_0      ,0.007501204646417418,0.0056971174529752535,8.952613140389685
Arp294_1_sbt_disk_1_0      ,,,
Arp294_2_sbt_disk_1_0      ,,,
Arp294_3_sbt_disk_1_0      ,,,
Arp294_4_sbt_disk_1_0      ,,,
Arp294_5_sbt_disk_1_0      ,,,
Arp294_6_sbt_disk_1_0      ,,,
Arp294_7_sbt_disk_1_0      ,,,
Arp294_8_sbt_disk_1_0      ,,,
Arp294_9_sbt_disk_1_0      ,,,
Arp298_1_sbt_disk_1_0      ,0.00788101247661577,0.006836540943570304,141.74970805617005
Arp298_10_sbt_disk_1_0     ,0.010444715330454633,0.004842549835028966,29.84204380129895
Arp298_11_sbt_disk_1_0     ,0.08830532052111643,0.016141832783429885,242.46660588555397
Arp298_12_sbt_disk_1_0     ,0.03228366556685977,0.026586548113884518,682.2637264071973
Arp298_13_sbt_disk_1_0     ,0.7121396816219068,0.5981973325624017,470.0121898704585
Arp298_14_sbt_disk_1_0     ,0.0063617811558223675,0.0037980783019835027,8.206562045357211
Arp298_15_sbt_disk_1_0     ,0.018990391509917517,0.008925484009661231,105.93925549461129
Arp298_16_sbt_disk_1_0     ,0.0313341459913639,0.009115387924760406,10.071689782938396
Arp298_17_sbt_disk_1_0     ,0.009495195754958758,0.0075961566039670055,89.52613140389685
Arp298_18_sbt_disk_1_0     ,0.05981973325624017,0.01709135235892576,11.563791973003344
Arp298_19_sbt_disk_1_0     ,0.004842549835028966,0.0031334145991363895,16.786149638230658
Arp298_2_sbt_disk_1_0      ,0.0063617811558223675,0.0054122615803264915,8.579587592873448
Arp298_20_sbt_disk_1_0     ,0.018990391509917517,0.007691108561516593,49.612397819659506
Arp298_21_sbt_disk_1_0     ,0.016141832783429885,0.011679090778599271,349.1519124751978
Arp298_22_sbt_disk_1_0     ,0.005981973325624017,0.0036081743868843275,8.952613140389685
Arp298_25_sbt_disk_1_0     ,0.0056971174529752535,0.00351322242933474,7.833536497840975
Arp298_26_sbt_disk_1_0     ,0.02753606768938039,0.018990391509917517,865.4192702376697
Arp298_27_sbt_disk_1_0     ,0.02183895023640514,0.016141832783429885,910.1823359396179
Arp298_3_sbt_disk_1_0      ,0.0056971174529752535,0.004937501792578553,8.206562045357211
Arp86_7_sbt_disk_1_0       ,0.012343754481446381,0.009115387924760406,26.857839421169057
Arp298_4_sbt_disk_1_0      ,0.010254811415355456,0.008640628137012468,151.44837229159216
Arp298_5_sbt_disk_1_0      ,0.01993991108541339,0.008450724221913291,77.96233943089351
Arp298_6_sbt_disk_1_0      ,0.04462742004830615,0.015192313207934011,9.698664235422159
Arp298_7_sbt_disk_1_0      ,0.004747597877479379,0.0037980783019835027,22.381532850974214
Arp298_9_sbt_disk_1_0      ,0.010444715330454633,0.007121396816219067,20.889430660909266
Arp72_1_sbt_disk_1_0       ,0.5127405707677728,0.32283665566859776,
Arp72_2_sbt_disk_1_0       ,0.503245375012814,0.313341459913639,
Arp82_1_sbt_disk_1_0       ,0.24687508962892768,0.17281256274024936,
Arp82_10_sbt_disk_1_0      ,0.022788469811901014,0.018040871934421637,
Arp82_11_sbt_disk_1_0      ,0.10254811415355455,0.06551685070921544,
Arp82_13_sbt_disk_1_0      ,0.03228366556685977,0.02563702853838864,
Arp82_14_sbt_disk_1_0      ,0.04367790047281028,0.01709135235892576,
Arp82_15_sbt_disk_1_0      ,0.04082934174632265,0.02563702853838864,
Arp82_17_sbt_disk_1_0      ,0.04557693962380203,0.03418270471785152,
Arp82_18_sbt_disk_1_0      ,0.0740625268886783,0.04842549835028966,
Arp82_19_sbt_disk_1_0      ,0.08545676179462881,0.056021654954256664,
Arp82_2_sbt_disk_1_0       ,0.06931492901119891,0.04177886132181853,
Arp82_20_sbt_disk_1_0      ,0.21554094363756376,0.13388226014491844,
Arp82_21_sbt_disk_1_0      ,0.05127405707677728,0.0313341459913639,
Arp82_22_sbt_disk_1_0      ,0.024687508962892762,0.015192313207934011,
Arp82_3_sbt_disk_1_0       ,0.03987982217082678,0.023737989387396893,
Arp82_4_sbt_disk_1_0       ,0.02563702853838864,0.013293274056942259,
Arp82_5_sbt_disk_1_0       ,0.05127405707677728,0.03703126344433915,
Arp82_6_sbt_disk_1_0       ,0.1481250537773566,0.0892548400966123,
Arp82_7_sbt_disk_1_0       ,0.14147841674888545,0.0892548400966123,
Arp82_8_sbt_disk_1_0       ,0.10919475118202569,0.07881012476615767,
Arp82_9_sbt_disk_1_0       ,0.053173096227769036,0.03228366556685977,
Arp84_1_sbt_disk_1_0       ,0.002943510684037214,0.003418270471785152,9.698664235422159
Arp84_10_sbt_disk_1_0      ,0.02753606768938039,0.02183895023640514,231.27583946006686
Arp84_11_sbt_disk_1_0      ,0.003418270471785152,0.004842549835028966,7.460510950324737
Arp84_12_sbt_disk_1_0      ,0.04272838089731441,0.0351322242933474,65.65249636285769
Arp84_13_sbt_disk_1_0      ,0.02183895023640514,0.018040871934421637,12.682868615552055
Arp84_14_sbt_disk_1_0      ,0.001709135235892576,0.004557693962380203,6.341434307776027
Arp84_15_sbt_disk_1_0      ,0.010444715330454633,0.011394234905950507,15.294047448165713
Arp84_16_sbt_disk_1_0      ,0.036081743868843275,0.02753606768938039,358.1045256155874
Arp84_17_sbt_disk_1_0      ,0.0037031263444339147,0.004177886132181853,6.714459855292264
Arp84_18_sbt_disk_1_0      ,0.02753606768938039,0.026586548113884518,141.74970805617005
Arp84_19_sbt_disk_1_0      ,0.020889430660909265,0.01709135235892576,51.104500009724454
Arp84_2_sbt_disk_1_0       ,0.0023737989387396896,0.0033233185142355647,6.341434307776027
Arp84_20_sbt_disk_1_0      ,0.04557693962380203,0.053173096227769036,488.6634672462704
Arp84_21_sbt_disk_1_0      ,0.016141832783429885,0.015192313207934011,82.06562045357211
Arp84_22_sbt_disk_1_0      ,0.023737989387396893,0.024687508962892762,26.111788326136583
Arp84_23_sbt_disk_1_0      ,0.05697117452975253,0.05222357665227316,246.19686136071635
Arp84_24_sbt_disk_1_0      ,0.007691108561516593,0.00854567617946288,33.572299276461315
Arp84_25_sbt_disk_1_0      ,0.02183895023640514,0.02183895023640514,272.3086496868529
Arp84_26_sbt_disk_1_0      ,0.008830532052111643,0.012343754481446381,149.21021900649478
Arp84_27_sbt_disk_1_0      ,0.020889430660909265,0.026586548113884518,365.5650365659122
Arp84_28_sbt_disk_1_0      ,0.005792069410524842,0.005507213537876078,9.325638687905924
Arp84_29_sbt_disk_1_0      ,0.024687508962892762,0.028485587264876266,440.1701460691595
Arp84_30_sbt_disk_1_0      ,0.007691108561516593,0.009020435967210819,14.174970805617
Arp84_31_sbt_disk_1_0      ,0.024687508962892762,0.02563702853838864,193.9732847084432
Arp84_32_sbt_disk_1_0      ,0.020889430660909265,0.020889430660909265,55.95383212743553
Arp84_33_sbt_disk_1_0      ,0.015192313207934011,0.018990391509917517,104.44715330454633
Arp84_34_sbt_disk_1_0      ,0.008260820306814118,0.011394234905950507,249.92711683587873
Arp84_35_sbt_disk_1_0      ,0.0016141832783429886,0.002183895023640514,7.0874854028085
Arp84_36_sbt_disk_1_0      ,0.008735580094562056,0.010444715330454633,104.07412775703008
Arp84_37_sbt_disk_1_0      ,0.06836540943570305,0.07881012476615767,578.1895986501672
Arp84_38_sbt_disk_1_0      ,0.015192313207934011,0.016141832783429885,440.1701460691595
Arp84_39_sbt_disk_1_0      ,0.002753606768938039,0.0023737989387396896,7.460510950324737
Arp84_4_sbt_disk_1_0       ,0.0054122615803264915,0.005792069410524842,6.714459855292264
Arp84_40_sbt_disk_1_0      ,0.028485587264876266,0.01709135235892576,7.833536497840975
Arp84_41_sbt_disk_1_0      ,0.04082934174632265,0.02563702853838864,74.60510950324739
Arp84_42_sbt_disk_1_0      ,0.020889430660909265,0.016141832783429885,7.833536497840975
Arp84_43_sbt_disk_1_0      ,0.0015192313207934012,0.0018990391509917514,7.0874854028085
Arp84_5_sbt_disk_1_0       ,0.00854567617946288,0.018040871934421637,79.08141607344223
Arp84_6_sbt_disk_1_0       ,0.018040871934421637,0.016141832783429885,23.87363504103916
Arp84_7_sbt_disk_1_0       ,0.0054122615803264915,0.006266829198272779,7.460510950324737
Arp84_8_sbt_disk_1_0       ,0.009495195754958758,0.011394234905950507,19.770354018360557
Arp84_9_sbt_disk_1_0       ,0.014242793632438133,0.01709135235892576,36.92952920410745
Arp85_1_sbt_disk_1_0       ,1.8980896314162552,1.2619115158340186,
Arp85_10_sbt_disk_1_0      ,1.0444715330454633,0.4168390936426894,
Arp85_11_sbt_disk_1_0      ,0.6057934891663687,0.45102179836054085,
Arp85_12_sbt_disk_1_0      ,4.529208375115327,3.066948228851678,
Arp85_13_sbt_disk_1_0      ,0.7691108561516593,0.4215866915201688,
Arp85_14_sbt_disk_1_0      ,6.770074573285593,2.572248530018327,
Arp85_15_sbt_disk_1_0      ,0.3152404990646307,0.26491596156334934,
Arp85_16_sbt_disk_1_0      ,0.49754825755983895,0.3931011042552925,
Arp85_17_sbt_disk_1_0      ,2.126923849110762,1.3065389358823247,
Arp85_18_sbt_disk_1_0      ,1.623678474097947,1.1755052344638939,
Arp85_19_sbt_disk_1_0      ,1.434724078574268,0.8612142549747592,
Arp85_2_sbt_disk_1_0       ,0.58015646062798,0.3114424207626473,
Arp85_20_sbt_disk_1_0      ,1.0254811415355456,0.5896516563829388,
Arp85_21_sbt_disk_1_0      ,2.012981500051256,1.1527167646519931,
Arp85_22_sbt_disk_1_0      ,1.3768033844690197,0.7083416033199232,
Arp85_23_sbt_disk_1_0      ,1.0909979922447612,0.7472719059152542,
Arp85_24_sbt_disk_1_0      ,0.29340154882822556,0.17186304316475348,
Arp85_25_sbt_disk_1_0      ,0.9514186146468675,0.6665627419981046,
Arp85_26_sbt_disk_1_0      ,0.24022845260045655,0.20984382618458852,
Arp85_27_sbt_disk_1_0      ,0.695048329262981,0.49469969883335124,
Arp85_28_sbt_disk_1_0      ,1.8297242219805525,1.2448201634750928,
Arp85_29_sbt_disk_1_0      ,1.2191831349367044,0.8764065681826931,
Arp85_3_sbt_disk_1_0       ,0.2839063530732668,0.18705535637268753,
Arp85_30_sbt_disk_1_0      ,1.107139825028191,0.785252688935089,
Arp85_31_sbt_disk_1_0      ,0.17756016061772875,0.1481250537773566,
Arp85_32_sbt_disk_1_0      ,0.8127887566244695,0.5706612648730213,
Arp85_33_sbt_disk_1_0      ,0.435829485152607,0.3921515846797966,
Arp85_4_sbt_disk_1_0       ,1.6331736698529062,1.0292792198375293,
Arp85_5_sbt_disk_1_0       ,3.9215158467979663,2.4402653090244004,
Arp85_6_sbt_disk_1_0       ,0.11774042736148857,0.13768033844690197,
Arp85_7_sbt_disk_1_0       ,0.650420909214675,0.503245375012814,
Arp85_8_sbt_disk_1_0       ,0.37031263444339146,0.14527649505086898,
Arp85_9_sbt_disk_1_0       ,0.922933027381991,0.50419489458831,
Arp86_1_sbt_disk_1_0       ,0.2848558726487627,0.19939911085413387,3484.0586138016533
Arp86_11_sbt_disk_1_0      ,0.016141832783429885,0.011394234905950507,238.7363504103916
Arp86_12_sbt_disk_1_0      ,0.02183895023640514,0.020889430660909265,82.06562045357211
Arp86_14_sbt_disk_1_0      ,0.007691108561516593,0.00816586834926453,92.13731023651052
Arp86_15_sbt_disk_1_0      ,0.007975964434165355,0.009210339882309996,105.19320439957882
Arp86_16_sbt_disk_1_0      ,0.026586548113884518,0.010444715330454633,89.52613140389685
Arp86_17_sbt_disk_1_0      ,0.011394234905950507,0.012343754481446381,152.94047448165713
Arp86_2_sbt_disk_1_0       ,0.06551685070921544,0.05032453750128141,473.74244534562087
Arp86_20_sbt_disk_1_0      ,0.015192313207934011,0.010444715330454633,44.76306570194843
Arp86_21_sbt_disk_1_0      ,0.012343754481446381,0.008735580094562056,55.95383212743553
Arp86_22_sbt_disk_1_0      ,0.01709135235892576,0.013293274056942259,117.50304746761462
Arp86_23_sbt_disk_1_0      ,0.013293274056942259,0.009495195754958758,12.682868615552055
Arp86_24_sbt_disk_1_0      ,0.03323318514235565,0.013293274056942259,44.76306570194843
Arp86_25_sbt_disk_1_0      ,0.037980783019835034,0.01709135235892576,33.572299276461315
Arp86_26_sbt_disk_1_0      ,0.006741588986020717,0.0075961566039670055,7.833536497840975
Arp86_27_sbt_disk_1_0      ,0.014242793632438133,0.013293274056942259,113.77279199245224
Arp86_28_sbt_disk_1_0      ,0.007501204646417418,0.008735580094562056,28.349941611234
Arp86_30_sbt_disk_1_0      ,0.008450724221913291,0.010444715330454633,9.698664235422159
Arp86_31_sbt_disk_1_0      ,0.037980783019835034,0.014242793632438133,44.76306570194843
Arp86_32_sbt_disk_1_0      ,0.015192313207934011,0.015192313207934011,51.850551104756924
Arp86_33_sbt_disk_1_0      ,0.015192313207934011,0.010444715330454633,14.921021900649475
Arp86_34_sbt_disk_1_0      ,0.014242793632438133,0.014242793632438133,53.715678842338114
Arp86_35_sbt_disk_1_0      ,0.007501204646417418,0.00854567617946288,146.97206572139734
Arp86_36_sbt_disk_1_0      ,0.01709135235892576,0.010444715330454633,22.381532850974214
Arp86_37_sbt_disk_1_0      ,0.008640628137012468,0.008735580094562056,8.952613140389685
Arp86_38_sbt_disk_1_0      ,0.009495195754958758,0.00854567617946288,8.952613140389685
Arp86_39_sbt_disk_1_0      ,0.024687508962892762,0.022788469811901014,121.23330294277699
Arp86_4_sbt_disk_1_0       ,0.04177886132181853,0.028485587264876266,119.3681752051958
Arp86_40_sbt_disk_1_0      ,0.03323318514235565,0.02563702853838864,29.84204380129895
Arp86_41_sbt_disk_1_0      ,0.012343754481446381,0.012343754481446381,33.19927372894509
Arp86_42_sbt_disk_1_0      ,0.014242793632438133,0.010444715330454633,9.698664235422159
Arp86_43_sbt_disk_1_0      ,0.02753606768938039,0.01709135235892576,17.159175185746896
Arp86_44_sbt_disk_1_0      ,0.013293274056942259,0.009495195754958758,9.325638687905924
Arp86_45_sbt_disk_1_0      ,0.018040871934421637,0.014242793632438133,8.579587592873448
Arp86_46_sbt_disk_1_0      ,0.04747597877479379,0.03418270471785152,208.89430660909267
Arp86_47_sbt_disk_1_0      ,0.01709135235892576,0.015192313207934011,35.06440146652628
Arp86_48_sbt_disk_1_0      ,0.009020435967210819,0.010444715330454633,10.81774087797087
Arp86_49_sbt_disk_1_0      ,0.008830532052111643,0.009495195754958758,9.698664235422159
Arp86_5_sbt_disk_1_0       ,0.04272838089731441,0.03987982217082678,164.13124090714422
Arp86_50_sbt_disk_1_0      ,0.10729571203103395,0.08450724221913292,226.42650734235576
Arp86_51_sbt_disk_1_0      ,0.17945919976872055,0.12248802523896796,1835.2856937798856
Arp86_52_sbt_disk_1_0      ,0.020889430660909265,0.01709135235892576,50.358448914691984
Arp86_53_sbt_disk_1_0      ,0.04177886132181853,0.030384626415868022,70.50182848056878
Arp86_54_sbt_disk_1_0      ,0.003418270471785152,0.00427283808973144,7.460510950324737
Arp86_55_sbt_disk_1_0      ,0.009495195754958758,0.010444715330454633,26.857839421169057
Arp86_56_sbt_disk_1_0      ,0.018040871934421637,0.014242793632438133,13.428919710584529
Arp86_57_sbt_disk_1_0      ,0.02183895023640514,0.016141832783429885,8.579587592873448
Arp86_59_sbt_disk_1_0      ,0.018990391509917517,0.01993991108541339,51.47752555724069
Arp86_6_sbt_disk_1_0       ,0.11868994693698447,0.09400243797409169,2010.607701112517
Arp86_60_sbt_disk_1_0      ,0.023737989387396893,0.02753606768938039,58.5650109600492
Arp86_61_sbt_disk_1_0      ,0.018040871934421637,0.01709135235892576,14.174970805617
Arp86_62_sbt_disk_1_0      ,0.016141832783429885,0.01709135235892576,60.057113150114134
Arp86_63_sbt_disk_1_0      ,0.024687508962892762,0.022788469811901014,79.45444162095846
Arp86_64_sbt_disk_1_0      ,0.014242793632438133,0.015192313207934011,7.833536497840975
Arp86_8_sbt_disk_1_0       ,0.05981973325624017,0.04747597877479379,399.1373358423735
Arp86_9_sbt_disk_1_0       ,0.01709135235892576,0.011394234905950507,25.738762778620345
Arp89_1_sbt_disk_1_0       ,0.023737989387396893,0.014337745589987723,21.2624562084255
Arp89_2_sbt_disk_1_0       ,0.02183895023640514,0.011394234905950507,22.75455839849045
Arp91_1_sbt_disk_1_0       ,0.21838950236405139,0.12248802523896796,2047.9102558641405
NGC2207_1_sbt_disk_1_0     ,0.16141832783429888,,
NGC2207_10_sbt_disk_1_0    ,0.34182704717851525,,
NGC2207_11_sbt_disk_1_0    ,0.2563702853838864,,
NGC2207_12_sbt_disk_1_0    ,0.056021654954256664,,
NGC2207_13_sbt_disk_1_0    ,0.030384626415868022,,
NGC2207_14_sbt_disk_1_0    ,0.1823077584952081,,
NGC2207_15_sbt_disk_1_0    ,0.16141832783429888,,
NGC2207_16_sbt_disk_1_0    ,0.1329327405694226,,
NGC2207_17_sbt_disk_1_0    ,0.2107933457600844,,
NGC2207_18_sbt_disk_1_0    ,0.019844959127863798,,
NGC2207_19_sbt_disk_1_0    ,0.05032453750128141,,
NGC2207_2_sbt_disk_1_0     ,0.06551685070921544,,
NGC2207_20_sbt_disk_1_0    ,0.29909866628120085,,
NGC2207_21_sbt_disk_1_0    ,0.2563702853838864,,
NGC2207_22_sbt_disk_1_0    ,0.11679090778599273,,
NGC2207_23_sbt_disk_1_0    ,0.5127405707677728,,
NGC2207_25_sbt_disk_1_0    ,0.036081743868843275,,
NGC2207_26_sbt_disk_1_0    ,0.09495195754958757,,
NGC2207_27_sbt_disk_1_0    ,0.02183895023640514,,
NGC2207_28_sbt_disk_1_0    ,0.11394234905950507,,
NGC2207_29_sbt_disk_1_0    ,0.04272838089731441,,
NGC2207_3_sbt_disk_1_0     ,0.011394234905950507,,
NGC2207_30_sbt_disk_1_0    ,0.2763101964692998,,
NGC2207_31_sbt_disk_1_0    ,0.029435106840372142,,
NGC2207_32_sbt_disk_1_0    ,0.08355772264363706,,
NGC2207_33_sbt_disk_1_0    ,0.03323318514235565,,
NGC2207_34_sbt_disk_1_0    ,0.015192313207934011,,
NGC2207_35_sbt_disk_1_0    ,0.23168277642099366,,
NGC2207_36_sbt_disk_1_0    ,0.05697117452975253,,
NGC2207_37_sbt_disk_1_0    ,0.011394234905950507,,
NGC2207_4_sbt_disk_1_0     ,0.02183895023640514,,
NGC2207_40_sbt_disk_1_0    ,0.15192313207934013,,
NGC2207_41_sbt_disk_1_0    ,0.0313341459913639,,
NGC2207_42_sbt_disk_1_0    ,0.023737989387396893,,
NGC2207_43_sbt_disk_1_0    ,0.12058898608797619,,
NGC2207_44_sbt_disk_1_0    ,0.058870213680744285,,
NGC2207_45_sbt_disk_1_0    ,0.060769252831736044,,
NGC2207_46_sbt_disk_1_0    ,0.5222357665227316,,
NGC2207_47_sbt_disk_1_0    ,0.022788469811901014,,
NGC2207_48_sbt_disk_1_0    ,0.06456733113371954,,
NGC2207_49_sbt_disk_1_0    ,0.05507213537876078,,
NGC2207_5_sbt_disk_1_0     ,0.40829341746322656,,
NGC2207_50_sbt_disk_1_0    ,0.24687508962892768,,
NGC2207_51_sbt_disk_1_0    ,0.01709135235892576,,
NGC2207_52_sbt_disk_1_0    ,0.19939911085413387,,
NGC2207_53_sbt_disk_1_0    ,0.29435106840372144,,
NGC2207_54_sbt_disk_1_0    ,0.20129815000512563,,
NGC2207_55_sbt_disk_1_0    ,0.016141832783429885,,
NGC2207_56_sbt_disk_1_0    ,0.47475978774793787,,
NGC2207_57_sbt_disk_1_0    ,0.0063617811558223675,,
NGC2207_58_sbt_disk_1_0    ,0.11014427075752156,,
NGC2207_59_sbt_disk_1_0    ,0.09210339882309995,,
NGC2207_6_sbt_disk_1_0     ,0.4282333285486399,,
NGC2207_60_sbt_disk_1_0    ,0.05127405707677728,,
NGC2207_61_sbt_disk_1_0    ,0.060769252831736044,,
NGC2207_62_sbt_disk_1_0    ,0.01709135235892576,,
NGC2207_63_sbt_disk_1_0    ,0.010444715330454633,,
NGC2207_64_sbt_disk_1_0    ,0.15192313207934013,,
NGC2207_65_sbt_disk_1_0    ,0.0313341459913639,,
NGC2207_66_sbt_disk_1_0    ,0.009115387924760406,,
NGC2207_67_sbt_disk_1_0    ,0.33233185142355653,,
NGC2207_68_sbt_disk_1_0    ,0.04177886132181853,,
NGC2207_69_sbt_disk_1_0    ,0.03323318514235565,,
NGC2207_7_sbt_disk_1_0     ,0.13483177972041432,,
NGC2207_70_sbt_disk_1_0    ,0.02183895023640514,,
NGC2207_71_sbt_disk_1_0    ,0.02753606768938039,,
NGC2207_72_sbt_disk_1_0    ,0.01993991108541339,,
NGC2207_9_sbt_disk_1_0     ,0.1433774558998772,,
NGC4567_1_sbt_disk_1_0     ,0.008070916391714943,0.018515631722169575,
NGC4567_2_sbt_disk_1_0     ,0.854567617946288,0.4491227592095492,
NGC4567_3_sbt_disk_1_0     ,0.22408661981702666,0.15192313207934013,
NGC4567_4_sbt_disk_1_0     ,0.08830532052111643,0.06124401261948398,
Arp102_1_sbt_disk_2_5      ,,,26.111788326136583
Arp102_2_sbt_disk_2_5      ,,,10.81774087797087
Arp102_3_sbt_disk_2_5      ,,,29.84204380129895
Arp102_4_sbt_disk_2_5      ,,,104.44715330454633
Arp102_5_sbt_disk_2_5      ,,,8.206562045357211
Arp102_6_sbt_disk_2_5      ,,,70.50182848056878
Arp102_7_sbt_disk_2_5      ,,,7.833536497840975
Arp107_1_sbt_disk_2_5      ,0.00788101247661577,0.0075961566039670055,
Arp107_10_sbt_disk_2_5     ,0.014242793632438133,0.011394234905950507,
Arp107_12_sbt_disk_2_5     ,0.030384626415868022,0.018040871934421637,
Arp107_13_sbt_disk_2_5     ,0.005602165495425666,0.0038930302595330903,
Arp107_14_sbt_disk_2_5     ,0.06836540943570305,0.04557693962380203,
Arp107_15_sbt_disk_2_5     ,0.004177886132181853,0.004747597877479379,
Arp107_16_sbt_disk_2_5     ,0.009495195754958758,0.00854567617946288,
Arp107_2_sbt_disk_2_5      ,0.012343754481446381,0.009495195754958758,
Arp107_3_sbt_disk_2_5      ,0.011394234905950507,0.00854567617946288,
Arp107_4_sbt_disk_2_5      ,0.0075961566039670055,0.01243870643899597,
Arp107_5_sbt_disk_2_5      ,0.010444715330454633,0.011394234905950507,
Arp107_6_sbt_disk_2_5      ,0.009495195754958758,0.00702644485866948,
Arp107_7_sbt_disk_2_5      ,0.006931492901119893,0.0066466370284711295,
Arp107_8_sbt_disk_2_5      ,0.007501204646417418,0.006456733113371954,
Arp107_9_sbt_disk_2_5      ,0.012343754481446381,0.0075961566039670055,
Arp120_1_sbt_disk_2_5      ,0.2175349347461051,0.13188826903637713,93.25638687905922
Arp120_2_sbt_disk_2_5      ,0.404495339161243,0.30982823748430416,89.52613140389685
Arp120_3_sbt_disk_2_5      ,0.1875301161604354,0.0998894593421661,93.25638687905922
Arp178_1_sbt_disk_2_5      ,0.0011394234905950508,,15.294047448165713
Arp178_10_sbt_disk_2_5     ,0.0351322242933474,,23.500609493522923
Arp178_11_sbt_disk_2_5     ,0.0013293274056942258,,15.66707299568195
Arp178_12_sbt_disk_2_5     ,0.03987982217082678,,44.76306570194843
Arp178_13_sbt_disk_2_5     ,0.028485587264876266,,395.4070803672111
Arp178_14_sbt_disk_2_5     ,0.010254811415355456,,17.159175185746896
Arp178_2_sbt_disk_2_5      ,0.005317309622776903,,16.040098543198187
Arp178_3_sbt_disk_2_5      ,0.00351322242933474,,16.040098543198187
Arp178_6_sbt_disk_2_5      ,0.027156259859182044,,324.5322263391261
Arp178_7_sbt_disk_2_5      ,0.017281256274024936,,93.25638687905922
Arp178_8_sbt_disk_2_5      ,0.0014242793632438134,,15.66707299568195
Arp178_9_sbt_disk_2_5      ,0.0020889430660909264,,16.413124090714422
Arp181_1_sbt_disk_2_5      ,0.012343754481446381,0.008260820306814118,6.341434307776027
Arp181_2_sbt_disk_2_5      ,0.00702644485866948,0.00465264591992979,5.96840876025979
Arp181_3_sbt_disk_2_5      ,0.009495195754958758,0.005792069410524842,5.96840876025979
Arp181_4_sbt_disk_2_5      ,0.011394234905950507,0.006931492901119893,5.96840876025979
Arp181_5_sbt_disk_2_5      ,0.015192313207934011,0.008260820306814118,15.66707299568195
Arp181_6_sbt_disk_2_5      ,0.028485587264876266,0.013293274056942259,51.104500009724454
Arp181_7_sbt_disk_2_5      ,0.012343754481446381,0.006551685070921542,6.714459855292264
Arp181_8_sbt_disk_2_5      ,0.010444715330454633,0.006456733113371954,32.826248181428845
Arp181_9_sbt_disk_2_5      ,0.010444715330454633,0.011394234905950507,6.714459855292264
Arp188_1_sbt_disk_2_5      ,0.015192313207934011,0.011489186863500093,44.76306570194843
Arp188_2_sbt_disk_2_5      ,0.010444715330454633,0.0075961566039670055,67.14459855292263
Arp188_3_sbt_disk_2_5      ,0.005602165495425666,0.005792069410524842,55.95383212743553
Arp188_4_sbt_disk_2_5      ,0.006076925283173605,0.00465264591992979,19.02430292332808
Arp188_5_sbt_disk_2_5      ,0.018040871934421637,0.013293274056942259,242.46660588555397
Arp188_6_sbt_disk_2_5      ,0.020889430660909265,0.014242793632438133,93.25638687905922
Arp188_7_sbt_disk_2_5      ,0.018040871934421637,0.013293274056942259,149.21021900649478
Arp240_1_sbt_disk_2_5      ,0.4177886132181853,,
Arp242_1_sbt_disk_2_5      ,0.09780051627607518,0.0816586834926453,1186.2212411016333
Arp244_1_sbt_disk_2_5      ,3.5891839953744094,2.145914240620679,83005.64483331304
Arp244_2_sbt_disk_2_5      ,9.267311056839747,5.858535780809552,37895.66537217451
Arp271_1_sbt_disk_2_5      ,0.7073920837444274,0.4453246809075656,
Arp271_10_sbt_disk_2_5     ,0.02183895023640514,0.012343754481446381,
Arp271_2_sbt_disk_2_5      ,0.09210339882309995,0.07691108561516592,
Arp271_3_sbt_disk_2_5      ,0.15951928868330711,0.198449591278638,
Arp271_4_sbt_disk_2_5      ,0.1443269754753731,0.08830532052111643,
Arp271_5_sbt_disk_2_5      ,0.6561180266676501,0.4443751613320699,
Arp271_6_sbt_disk_2_5      ,0.5830050193544676,0.3570193603864492,
Arp271_7_sbt_disk_2_5      ,0.38360590850033377,0.30099770543219256,
Arp271_8_sbt_disk_2_5      ,1.1887985085208364,0.8564666570972798,
Arp271_9_sbt_disk_2_5      ,0.18135823891971223,0.160468808258803,
Arp279_1_sbt_disk_2_5      ,,,3868.274927743377
Arp290_1_sbt_disk_2_5      ,0.05231852860982275,0.04063943783122348,145.47996353133237
Arp290_2_sbt_disk_2_5      ,0.036081743868843275,0.04624160332664914,78.33536497840974
Arp290_3_sbt_disk_2_5      ,0.15192313207934013,0.13862985802239783,220.08507303457975
Arp293_1_sbt_disk_2_5      ,,,
Arp293_2_sbt_disk_2_5      ,,,
Arp293_3_sbt_disk_2_5      ,,,
Arp294_1_sbt_disk_2_5      ,,,
Arp294_2_sbt_disk_2_5      ,,,
Arp294_3_sbt_disk_2_5      ,,,
Arp295_1_sbt_disk_2_5      ,0.0066466370284711295,0.008070916391714943,
Arp295_2_sbt_disk_2_5      ,0.005887021368074428,0.0036081743868843275,
Arp297N_1_sbt_disk_2_5     ,0.0056971174529752535,0.005981973325624017,18.651277375811848
Arp297S_1_sbt_disk_2_5     ,0.07501204646417417,0.06456733113371954,
Arp297S_10_sbt_disk_2_5    ,0.011679090778599271,0.009685099670057932,
Arp297S_2_sbt_disk_2_5     ,0.07121396816219068,0.07216348773768655,
Arp297S_3_sbt_disk_2_5     ,0.03987982217082678,0.03323318514235565,
Arp297S_4_sbt_disk_2_5     ,0.037980783019835034,0.037980783019835034,
Arp297S_5_sbt_disk_2_5     ,0.08260820306814118,0.0702644485866948,
Arp297S_6_sbt_disk_2_5     ,0.058870213680744285,0.04747597877479379,
Arp297S_7_sbt_disk_2_5     ,0.020889430660909265,0.015192313207934011,
Arp297S_8_sbt_disk_2_5     ,0.018040871934421637,0.011394234905950507,
Arp297S_9_sbt_disk_2_5     ,0.015192313207934011,0.014242793632438133,
Arp298_1_sbt_disk_2_5      ,0.3798078301983503,0.2658654811388452,190.24302923328082
Arp298_2_sbt_disk_2_5      ,0.12343754481446384,0.06836540943570305,1022.090000194489
Arp298_3_sbt_disk_2_5      ,0.5412261580326491,0.503245375012814,604.3013869763039
Arp298_4_sbt_disk_2_5      ,0.03228366556685977,0.010444715330454633,197.70354018360555
Arp298_5_sbt_disk_2_5      ,0.018135823891971225,0.008735580094562056,19.770354018360557
Arp34_1_sbt_disk_2_5       ,0.21649046321305965,0.19560103255215036,1365.273503909427
Arp34_10_sbt_disk_2_5      ,0.024687508962892762,0.01993991108541339,111.90766425487107
Arp34_2_sbt_disk_2_5       ,0.024687508962892762,0.01993991108541339,93.25638687905922
Arp34_3_sbt_disk_2_5       ,0.005507213537876078,0.007216348773768655,18.651277375811848
Arp34_4_sbt_disk_2_5       ,0.016141832783429885,0.015192313207934011,70.87485402808502
Arp34_5_sbt_disk_2_5       ,0.313341459913639,0.2953005879792173,2353.7912048274547
Arp34_7_sbt_disk_2_5       ,0.024687508962892762,0.01993991108541339,52.22357665227317
Arp34_8_sbt_disk_2_5       ,0.40259630001025126,0.29909866628120085,4088.360000777956
Arp34_9_sbt_disk_2_5       ,0.007691108561516593,0.010729571203103394,41.032810226786054
Arp65_1_sbt_disk_2_5       ,0.0457668435389012,0.03940506238307884,110.41556206480612
Arp82_1_sbt_disk_2_5       ,0.3589183995374411,0.31049290118715134,
Arp82_2_sbt_disk_2_5       ,0.4348799655771111,0.34182704717851525,
Arp84_1_sbt_disk_2_5       ,0.10634619245553807,0.08640628137012468,828.1167154860458
Arp84_2_sbt_disk_2_5       ,0.16236784740979474,0.10729571203103395,331.9927372894508
Arp84_3_sbt_disk_2_5       ,0.15572121038132364,0.11963946651248034,1253.3658396545559
Arp84_4_sbt_disk_2_5       ,0.03987982217082678,0.07121396816219068,514.775255572407
Arp84_5_sbt_disk_2_5       ,0.15572121038132364,0.11109379033301747,1779.3318616524502
Arp84_6_sbt_disk_2_5       ,0.2050962283071091,0.23832941344946476,2357.521460302617
Arp84_7_sbt_disk_2_5       ,0.049375017925785525,0.05127405707677728,1096.6951096977366
Arp85_1_sbt_disk_2_5       ,7.70060375727155,4.2500496199195394,
Arp85_2_sbt_disk_2_5       ,16.512145417873278,10.364955686112978,
Arp85_3_sbt_disk_2_5       ,15.894957693800956,10.290893159224298,
Arp85_4_sbt_disk_2_5       ,9.314787035614541,5.435050050138392,
Arp85_5_sbt_disk_2_5       ,5.048595582911572,3.2824891724892415,
Arp86_1_sbt_disk_2_5       ,0.1053966728800422,0.09115387924760406,708.7485402808501
Arp86_10_sbt_disk_2_5      ,0.22408661981702666,0.17281256274024936,2696.9747085423933
Arp86_11_sbt_disk_2_5      ,0.05697117452975253,0.04177886132181853,123.09843068035818
Arp86_12_sbt_disk_2_5      ,0.09305291839859582,0.09020435967210819,190.24302923328082
Arp86_13_sbt_disk_2_5      ,0.10444715330454632,0.07216348773768655,100.71689782938397
Arp86_2_sbt_disk_2_5       ,0.20984382618458852,0.160468808258803,3786.209307289804
Arp86_3_sbt_disk_2_5       ,0.02563702853838864,0.03323318514235565,544.6172993737058
Arp86_4_sbt_disk_2_5       ,0.011394234905950507,0.018040871934421637,193.9732847084432
Arp86_5_sbt_disk_2_5       ,0.02753606768938039,0.014242793632438133,328.26248181428844
Arp86_6_sbt_disk_2_5       ,0.02563702853838864,0.03228366556685977,384.21631394172397
Arp86_7_sbt_disk_2_5       ,0.03703126344433915,0.029435106840372142,488.6634672462704
Arp86_8_sbt_disk_2_5       ,0.05981973325624017,0.04272838089731441,249.92711683587873
Arp86_9_sbt_disk_2_5       ,0.17186304316475348,0.1443269754753731,387.9465694168864
Arp87_1_sbt_disk_2_5       ,0.35227176250896985,0.20699526745810085,1122.8068980238731
NGC2207_1_sbt_disk_2_5     ,0.9685099670057932,,
NGC2207_2_sbt_disk_2_5     ,0.5383775993061614,,
NGC2207_3_sbt_disk_2_5     ,1.048269611347447,,
NGC2207_4_sbt_disk_2_5     ,1.3074884554578208,,
NGC2207_5_sbt_disk_2_5     ,0.6884016922345099,,
NGC2207_6_sbt_disk_2_5     ,1.2884980639479033,,
NGC2207_7_sbt_disk_2_5     ,1.1156855012076539,,
NGC2207_8_sbt_disk_2_5     ,0.5336300014286822,,
NGC2207_9_sbt_disk_2_5     ,0.6352285960067409,,
Arp104_1_sbt_nuc_1_0       ,,,1663.6939419224166
Arp104_2_sbt_nuc_1_0       ,,,921.3731023651052
Arp120_1_sbt_nuc_1_0       ,0.2275998422463614,0.07795555714821138,5166.40383309988
Arp120_2_sbt_nuc_1_0       ,0.4897621970407727,0.1098594148848728,697.5577738553629
Arp202_1_sbt_nuc_1_0       ,0.6361781155822367,0.5127405707677728,
Arp202_2_sbt_nuc_1_0       ,0.4842549835028966,0.5127405707677728,
Arp205_1_sbt_nuc_1_0       ,1.1963946651248034,,12168.093359979648
Arp205_2_sbt_nuc_1_0       ,0.17366713035819567,,59.6840876025979
Arp244_1_sbt_nuc_1_0       ,0.892548400966123,0.45576939623802026,6460.802482981224
Arp244_2_sbt_nuc_1_0       ,0.854567617946288,0.4576684353890121,9045.869527268744
Arp245_1_sbt_nuc_1_0       ,5.849040585054594,4.946996988333512,
Arp245_2_sbt_nuc_1_0       ,0.1129928294840092,0.07311300731318243,7102.406424709151
Arp24_1_sbt_nuc_1_0        ,0.10349763372905042,0.0816586834926453,279.76916063717766
Arp24_2_sbt_nuc_1_0        ,0.5602165495425666,0.503245375012814,3178.1776648383384
Arp253_1_sbt_nuc_1_0       ,0.32283665566859776,0.2497236483554153,649.0644526782522
Arp253_2_sbt_nuc_1_0       ,0.4320314068506234,0.35132224293347397,1943.4631025595943
Arp261_1_sbt_nuc_1_0       ,1.3293274056942261,1.1204330990851332,3901.847227019838
Arp261_2_sbt_nuc_1_0       ,0.34087752760301937,0.26396644198785346,1805.4436499785866
Arp269_1_sbt_nuc_1_0       ,7.918993259635602,5.5841246234912445,212.62456208425505
Arp269_2_sbt_nuc_1_0       ,9.409738993164128,4.630806969693385,16789.879893705824
Arp270_1_sbt_nuc_1_0       ,1.747116018912411,1.3103370141843083,
Arp270_2_sbt_nuc_1_0       ,2.5921884411037404,2.193390219395473,
Arp271_1_sbt_nuc_1_0       ,0.37031263444339146,0.17376208231574525,
Arp271_2_sbt_nuc_1_0       ,0.03703126344433915,0.010444715330454633,
Arp279_1_sbt_nuc_1_0       ,,,734.8603286069867
Arp279_2_sbt_nuc_1_0       ,,,3916.768248920487
Arp280_1_sbt_nuc_1_0       ,1.092897031395753,0.9514186146468675,5349.186351382837
Arp280_2_sbt_nuc_1_0       ,1.6778010899012124,1.2001927434267867,11022.9049291048
Arp282_1_sbt_nuc_1_0       ,0.005602165495425666,0.004082934174632265,402.86759131753587
Arp282_2_sbt_nuc_1_0       ,0.34182704717851525,0.22788469811901013,649.0644526782522
Arp283_1_sbt_nuc_1_0       ,0.9552166929488508,0.3874039868023173,33367.13522532739
Arp283_2_sbt_nuc_1_0       ,0.4481732396340533,0.3066948228851678,4842.990683403304
Arp284_1_sbt_nuc_1_0       ,,3.3423089057454822,
Arp284_2_sbt_nuc_1_0       ,,0.21174286533558026,
Arp285_1_sbt_nuc_1_0       ,0.0626682919827278,0.0351322242933474,5729.672409849399
Arp285_2_sbt_nuc_1_0       ,0.03987982217082678,0.03323318514235565,488.6634672462704
Arp290_1_sbt_nuc_1_0       ,0.03551203212354575,0.011299282948400923,6.341434307776027
Arp290_2_sbt_nuc_1_0       ,0.04367790047281028,0.02183895023640514,164.13124090714422
Arp294_1_sbt_nuc_1_0       ,,,
Arp294_2_sbt_nuc_1_0       ,,,
Arp298_1_sbt_nuc_1_0       ,4.652645919929791,4.27283808973144,48075.53256389261
Arp298_2_sbt_nuc_1_0       ,0.029435106840372142,0.022788469811901014,943.7546352160795
Arp72_1_sbt_nuc_1_0        ,1.6616592571177824,0.9685099670057932,
Arp72_2_sbt_nuc_1_0        ,0.435829485152607,0.3285337731215729,
Arp82_1_sbt_nuc_1_0        ,0.22788469811901013,0.14242793632438136,
Arp82_2_sbt_nuc_1_0        ,0.10729571203103395,0.03228366556685977,
Arp84_1_sbt_nuc_1_0        ,0.012343754481446381,0.014242793632438133,13.801945258100766
Arp84_2_sbt_nuc_1_0        ,0.17756016061772875,0.04842549835028966,4748.615219881696
Arp85_1_sbt_nuc_1_0        ,7.178367990748819,2.6244721066706003,
Arp85_2_sbt_nuc_1_0        ,0.21269238491107614,0.023737989387396893,
Arp86_1_sbt_nuc_1_0        ,0.09305291839859582,0.036081743868843275,492.3937227214327
Arp86_2_sbt_nuc_1_0        ,0.47475978774793787,0.30384626415868027,7057.643359007202
Arp89_1_sbt_nuc_1_0        ,0.09048921554475695,0.029909866628120084,496.12397819659503
Arp89_2_sbt_nuc_1_0        ,0.3152404990646307,0.3076443424606637,4629.247044676499
Arp91_1_sbt_nuc_1_0        ,0.7843031693595932,0.2791587551957874,23843.792997237862
Arp91_2_sbt_nuc_1_0        ,0.47475978774793787,0.25542076580839057,7904.41135186906
NGC2207_1_sbt_nuc_1_0      ,0.0740625268886783,,
NGC2207_2_sbt_nuc_1_0      ,0.058870213680744285,,
NGC4567_1_sbt_nuc_1_0      ,1.0017431521481486,0.35986791911293686,
NGC4567_2_sbt_nuc_1_0      ,0.37411071274537505,0.09400243797409169,
Arp102_1_sbt_nuc_2_5       ,,,74.60510950324739
Arp102_2_sbt_nuc_2_5       ,,,1330.582127990417
Arp104_1_sbt_nuc_2_5       ,,,5218.627409752154
Arp104_2_sbt_nuc_2_5       ,,,2786.5008399462895
Arp105_1_sbt_nuc_2_5       ,0.00816586834926453,,313.34145991363897
Arp105_2_sbt_nuc_2_5       ,0.049375017925785525,,1442.8628177928042
Arp245_4_sbt_tail_1_0      ,0.012343754481446381,0.010064907500256282,79.45444162095846
Arp107_1_sbt_nuc_2_5       ,0.012533658396545558,0.0031334145991363895,
Arp107_2_sbt_nuc_2_5       ,0.027061307901632456,0.013768033844690195,
Arp120_1_sbt_nuc_2_5       ,1.1712323963741627,0.4239604904589085,6255.638431847293
Arp120_2_sbt_nuc_2_5       ,0.9226481715093424,0.22816955399165892,1253.3658396545559
Arp178_1_sbt_nuc_2_5       ,0.12343754481446384,,25.36573723110411
Arp178_2_sbt_nuc_2_5       ,0.027820923562029153,,16.786149638230658
Arp181_1_sbt_nuc_2_5       ,0.010444715330454633,0.007121396816219067,7.460510950324737
Arp181_2_sbt_nuc_2_5       ,0.09400243797409169,0.04557693962380203,190.24302923328082
Arp188_1_sbt_nuc_2_5       ,0.003418270471785152,0.0036081743868843275,134.28919710584526
Arp188_2_sbt_nuc_2_5       ,0.011584138821049684,0.0036081743868843275,167.8614963823066
Arp202_1_sbt_nuc_2_5       ,1.4147841674888548,1.0444715330454633,
Arp202_2_sbt_nuc_2_5       ,1.4622601462636484,1.3957937759789372,
Arp205_1_sbt_nuc_2_5       ,3.8265638892483795,,27092.845516104288
Arp205_2_sbt_nuc_2_5       ,0.32967319661216804,,1007.1689782938397
Arp240_1_sbt_nuc_2_5       ,0.1329327405694226,,
Arp240_2_sbt_nuc_2_5       ,0.19655055212764624,,
Arp242_1_sbt_nuc_2_5       ,0.09495195754958757,0.0702644485866948,1630.1216426459553
Arp242_2_sbt_nuc_2_5       ,0.06741588986020716,0.05697117452975253,1051.932043995788
Arp244_1_sbt_nuc_2_5       ,5.8870213680744286,3.532212820844657,19374.946937993347
Arp244_2_sbt_nuc_2_5       ,2.8960347052624202,1.5762024953231535,41196.9414676932
Arp245_1_sbt_nuc_2_5       ,8.155423633934078,5.712309766183187,
Arp245_2_sbt_nuc_2_5       ,0.519387207796244,0.3056503513521224,12533.65839654556
Arp24_1_sbt_nuc_2_5        ,0.2297837372700019,0.16616592571177827,578.1895986501672
Arp24_2_sbt_nuc_2_5        ,3.813270615191436,3.2293160762614734,12929.065476912772
Arp253_1_sbt_nuc_2_5       ,0.7529690233682295,0.5545194320895913,1469.7206572139735
Arp253_2_sbt_nuc_2_5       ,0.9371758210144292,0.7225843969523613,4595.674745400038
Arp256_1_sbt_nuc_2_5       ,0.7216348773768655,0.5602165495425666,
Arp256_2_sbt_nuc_2_5       ,0.2658654811388452,0.22788469811901013,
Arp261_1_sbt_nuc_2_5       ,2.4402653090244004,1.8857458769348088,9389.053030983683
Arp261_2_sbt_nuc_2_5       ,0.9609138104018262,0.6836540943570305,3491.5191247519774
Arp269_1_sbt_nuc_2_5       ,14.984368420900415,10.902383765843643,4789.648030108481
Arp269_2_sbt_nuc_2_5       ,46.06024508772943,24.94862684615413,44464.64526393544
Arp270_1_sbt_nuc_2_5       ,7.5296902336822935,5.342946651315292,
Arp270_2_sbt_nuc_2_5       ,5.244196615463721,3.827513408823875,
Arp271_1_sbt_nuc_2_5       ,1.1736061953129022,0.5782574214769881,
Arp271_2_sbt_nuc_2_5       ,0.3712621540188874,0.11394234905950507,
Arp279_1_sbt_nuc_2_5       ,,,5076.877701695984
Arp279_2_sbt_nuc_2_5       ,,,9586.756571167289
Arp280_1_sbt_nuc_2_5       ,1.6787506094767082,1.17645475403939,6811.446497646485
Arp280_2_sbt_nuc_2_5       ,4.4038717911498715,2.769748601721469,23616.247413252957
Arp282_1_sbt_nuc_2_5       ,0.036081743868843275,0.02563702853838864,1119.0766425487107
Arp282_2_sbt_nuc_2_5       ,0.5121708590224753,0.35331623404201534,1111.616131598386
Arp283_1_sbt_nuc_2_5       ,1.4111759931019703,0.6265879678697284,42849.44464319013
Arp283_2_sbt_nuc_2_5       ,0.8659618528522386,0.5895567044253891,6583.900913661581
Arp284_1_sbt_nuc_2_5       ,,4.611816578183468,
Arp284_2_sbt_nuc_2_5       ,,0.4301323676996317,
Arp285_1_sbt_nuc_2_5       ,0.43677900472810277,0.22693517854351428,12384.448177539065
Arp285_2_sbt_nuc_2_5       ,0.5364785601551697,0.3370794493010358,3961.531314622436
Arp290_1_sbt_nuc_2_5       ,0.07187863186503779,0.02392789330249607,37.302554751623695
Arp290_2_sbt_nuc_2_5       ,0.1433774558998772,0.09875003585157105,369.29529204107456
Arp293_1_sbt_nuc_2_5       ,,,
Arp293_2_sbt_nuc_2_5       ,,,
Arp294_1_sbt_nuc_2_5       ,,,
Arp294_2_sbt_nuc_2_5       ,,,
Arp295_1_sbt_nuc_2_5       ,0.2497236483554153,0.17945919976872055,
Arp295_2_sbt_nuc_2_5       ,0.009969955542706695,0.007121396816219067,
Arp297N_1_sbt_nuc_2_5      ,0.15002409292834834,0.11109379033301747,802.0049271599094
Arp297N_2_sbt_nuc_2_5      ,0.0033233185142355647,0.004082934174632265,179.0522628077937
Arp297S_1_sbt_nuc_2_5      ,0.008830532052111643,0.009400243797409167,
Arp297S_2_sbt_nuc_2_5      ,0.1435673598149764,0.09675604474302973,
Arp298_1_sbt_nuc_2_5       ,6.129148859825877,4.817862326066073,59426.699974811694
Arp298_2_sbt_nuc_2_5       ,0.1281851426919432,0.07520195037927334,3070.0002560586295
Arp34_1_sbt_nuc_2_5        ,0.23548085472297714,0.183257278070704,2036.7194894386535
Arp34_2_sbt_nuc_2_5        ,0.21354695252902242,0.14698563028676154,2189.659963920311
Arp65_1_sbt_nuc_2_5        ,0.0066466370284711295,0.005981973325624017,305.88094896331427
Arp65_2_sbt_nuc_2_5        ,0.03627164778394245,0.009115387924760406,706.1373614482364
Arp72_1_sbt_nuc_2_5        ,2.402284526004565,1.4375726373007556,
Arp72_2_sbt_nuc_2_5        ,0.6265879678697284,0.48121652086130984,
Arp82_1_sbt_nuc_2_5        ,0.7586661408212046,0.5716107844485172,
Arp82_2_sbt_nuc_2_5        ,0.09210339882309995,0.03228366556685977,
Arp84_1_sbt_nuc_2_5        ,0.060769252831736044,0.014242793632438133,33.19927372894509
Arp84_2_sbt_nuc_2_5        ,0.5222357665227316,0.24782460920442356,7837.2667533161375
Arp85_1_sbt_nuc_2_5        ,22.427652373212588,8.072815430865935,
Arp85_2_sbt_nuc_2_5        ,1.4214308045173258,0.45007227878504497,
Arp86_1_sbt_nuc_2_5        ,0.11394234905950507,0.02753606768938039,753.5116059827985
Arp86_2_sbt_nuc_2_5        ,1.0748561594613313,0.6865026530835181,17043.537266016865
Arp87_1_sbt_nuc_2_5        ,0.2563702853838864,0.15477169080582773,772.1628833586103
Arp87_2_sbt_nuc_2_5        ,0.2896034705262421,0.11394234905950507,2454.5081026568387
Arp89_1_sbt_nuc_2_5        ,0.19892435106638595,0.06428247526107078,36.92952920410745
Arp89_2_sbt_nuc_2_5        ,0.47324055642714435,0.3300530044423664,5490.936059439007
Arp91_1_sbt_nuc_2_5        ,1.3217312490902589,0.4633655528419873,32871.011247130795
Arp91_2_sbt_nuc_2_5        ,1.6825486877786917,0.9020435967210817,19826.30785048799
NGC2207_1_sbt_nuc_2_5      ,0.6285819589782697,,
NGC2207_2_sbt_nuc_2_5      ,0.16711544528727412,,
NGC4567_1_sbt_nuc_2_5      ,4.80931664988661,2.1516113580736542,
NGC4567_2_sbt_nuc_2_5      ,2.8760947941770074,1.0273801806865375,
Arp104_10_sbt_tail_1_0     ,,,22.381532850974214
Arp104_2_sbt_tail_1_0      ,,,18.651277375811848
Arp104_3_sbt_tail_1_0      ,,,11.93681752051958
Arp104_4_sbt_tail_1_0      ,,,11.563791973003344
Arp104_6_sbt_tail_1_0      ,,,10.81774087797087
Arp104_8_sbt_tail_1_0      ,,,11.93681752051958
Arp120_1_sbt_tail_1_0      ,0.0023737989387396896,0.015382217123033186,33.94532482397756
Arp120_10_sbt_tail_1_0     ,0.0404495339161243,0.05668631865710378,36.55650365659121
Arp120_12_sbt_tail_1_0     ,0.02430770113269442,0.033138233184806055,52.22357665227317
Arp120_2_sbt_tail_1_0      ,0.008925484009661231,0.022028854151504313,33.94532482397756
Arp120_3_sbt_tail_1_0      ,0.001709135235892576,0.01861058367971916,55.95383212743553
Arp120_4_sbt_tail_1_0      ,0.0016141832783429886,0.018705535637268747,33.572299276461315
Arp120_6_sbt_tail_1_0      ,0.0056971174529752535,0.007975964434165355,33.572299276461315
Arp120_7_sbt_tail_1_0      ,0.029625010755471318,0.028580539222425858,44.76306570194843
Arp120_8_sbt_tail_1_0      ,0.02022476695806215,0.008640628137012468,37.302554751623695
Arp120_9_sbt_tail_1_0      ,0.04928006596823595,0.048045690520091305,37.302554751623695
Arp205_1_sbt_tail_1_0      ,0.06295314785537655,,343.18350371493796
Arp205_2_sbt_tail_1_0      ,0.1023582102384554,,466.28193439529616
Arp244_1_sbt_tail_1_0      ,0.021174286533558028,0.026776452028983693,5.96840876025979
Arp244_2_sbt_tail_1_0      ,0.016806496486277,0.015856976910781122,5.96840876025979
Arp244_3_sbt_tail_1_0      ,0.020889430660909265,0.01405288971733896,7.460510950324737
Arp244_4_sbt_tail_1_0      ,0.01281851426919432,0.006741588986020717,5.96840876025979
Arp244_5_sbt_tail_1_0      ,0.033518041015004406,0.023832941344946477,33.572299276461315
Arp244_6_sbt_tail_1_0      ,0.009495195754958758,0.00427283808973144,5.595383212743553
Arp244_7_sbt_tail_1_0      ,0.012343754481446381,0.01015985945780587,19.397328470844318
Arp244_8_sbt_tail_1_0      ,0.0511791051192277,0.05260338448247151,
Arp244_9_sbt_tail_1_0      ,0.03465746450559946,0.03123919403381431,
Arp245_2_sbt_tail_1_0      ,0.009685099670057932,0.01842067976461999,9.325638687905924
Arp245_3_sbt_tail_1_0      ,0.02544712462328947,0.03418270471785152,170.47267521492026
Arp245_5_sbt_tail_1_0      ,0.008830532052111643,0.008070916391714943,21.63548175594174
Arp261_1_sbt_tail_1_0      ,0.025352172665739883,0.021269238491107612,145.47996353133237
Arp261_2_sbt_tail_1_0      ,0.10824523160652982,0.09969955542706693,104.44715330454633
Arp261_3_sbt_tail_1_0      ,0.07501204646417417,0.07311300731318243,115.63791973003343
Arp261_4_sbt_tail_1_0      ,0.5184376882207481,0.4614665136909955,4983.621314816925
Arp261_5_sbt_tail_1_0      ,0.013293274056942259,0.006171877240723191,26.484813873652822
Arp261_6_sbt_tail_1_0      ,0.07596156603967007,0.07121396816219068,447.63065701948426
Arp261_8_sbt_tail_1_0      ,0.024687508962892762,0.0304795783734176,24.992711683587874
Arp261_9_sbt_tail_1_0      ,0.0228834217694506,0.02430770113269442,41.032810226786054
Arp269_1_sbt_tail_1_0      ,4.700121898704585,3.7952297432570146,5211.166898801829
Arp270_1_sbt_tail_1_0      ,0.010254811415355456,0.0020889430660909264,
Arp270_2_sbt_tail_1_0      ,0.02003486304296298,0.014812505377735659,
Arp270_3_sbt_tail_1_0      ,0.07463223863397582,0.04367790047281028,
Arp270_4_sbt_tail_1_0      ,0.09590147712508344,0.07501204646417417,
Arp270_5_sbt_tail_1_0      ,0.016426688656078648,0.017850968019322462,
Arp270_6_sbt_tail_1_0      ,0.27061307901632453,0.23263229599648952,
Arp270_7_sbt_tail_1_0      ,0.028390635307326682,0.01281851426919432,
Arp270_8_sbt_tail_1_0      ,0.2734616377428122,0.2145914240620679,
Arp271_1_sbt_tail_1_0      ,0.0010444715330454632,0.0020529562741796324,
Arp271_2_sbt_tail_1_0      ,0.00930529183985958,0.009969955542706695,
Arp271_3_sbt_tail_1_0      ,0.0054122615803264915,0.006931492901119893,
Arp271_4_sbt_tail_1_0      ,0.03484736842069864,0.03769592714718626,
Arp271_5_sbt_tail_1_0      ,0.02886539509507462,0.014622601462636485,
Arp271_7_sbt_tail_1_0      ,0.0054122615803264915,0.005127405707677728,
Arp271_8_sbt_tail_1_0      ,0.005981973325624017,0.003418270471785152,
Arp271_9_sbt_tail_1_0      ,0.010444715330454633,0.013103370141843084,
Arp283_2_sbt_tail_1_0      ,0.07244834361033532,0.050989201204128524,81.69259490605587
Arp283_3_sbt_tail_1_0      ,0.07339786318583118,0.05659136669955419,617.357281139372
Arp284_2_sbt_tail_1_0      ,,0.0028485587264876267,
Arp284_3_sbt_tail_1_0      ,,0.033138233184806055,
Arp284_4_sbt_tail_1_0      ,,0.5393271188816573,
Arp284_5_sbt_tail_1_0      ,,0.01794591997687205,
Arp284_6_sbt_tail_1_0      ,,0.04557693962380203,
Arp284_7_sbt_tail_1_0      ,,0.012058898608797617,
Arp284_8_sbt_tail_1_0      ,,0.025826932453487817,
Arp285_1_sbt_tail_1_0      ,0.01794591997687205,0.01576202495323154,31.3341459913639
Arp285_2_sbt_tail_1_0      ,0.021649046321305966,0.021269238491107612,41.77886132181853
Arp285_3_sbt_tail_1_0      ,0.013103370141843084,0.015382217123033186,85.79587592873449
Arp290_1_sbt_tail_1_0      ,0.0031334145991363895,0.002753606768938039,5.2223576652273165
Arp290_2_sbt_tail_1_0      ,0.0020889430660909264,0.0016141832783429886,4.8493321177110795
Arp294_2_sbt_tail_1_0      ,,,
Arp298_1_sbt_tail_1_0      ,0.007975964434165355,0.006456733113371954,51.104500009724454
Arp298_2_sbt_tail_1_0      ,0.005981973325624017,0.004747597877479379,13.801945258100766
Arp72_1_sbt_tail_1_0       ,0.2687140398653328,0.20984382618458852,
Arp72_10_sbt_tail_1_0      ,0.05981973325624017,0.05507213537876078,
Arp72_11_sbt_tail_1_0      ,0.08688104115787262,0.07064425641689315,
Arp72_12_sbt_tail_1_0      ,0.04367790047281028,0.03703126344433915,
Arp72_13_sbt_tail_1_0      ,0.007975964434165355,0.005222357665227316,
Arp72_14_sbt_tail_1_0      ,0.011014427075752157,0.0039879822170826775,
Arp72_15_sbt_tail_1_0      ,0.047665882689892955,0.03418270471785152,
Arp72_16_sbt_tail_1_0      ,0.014527649505086896,0.016521640613628236,
Arp72_2_sbt_tail_1_0       ,0.11489186863500095,0.09495195754958757,
Arp72_3_sbt_tail_1_0       ,0.022788469811901014,0.015192313207934011,
Arp72_4_sbt_tail_1_0       ,0.15192313207934013,0.09590147712508344,
Arp72_5_sbt_tail_1_0       ,0.024687508962892762,0.020889430660909265,
Arp72_6_sbt_tail_1_0       ,0.053173096227769036,0.037980783019835034,
Arp72_7_sbt_tail_1_0       ,0.03703126344433915,0.0313341459913639,
Arp72_8_sbt_tail_1_0       ,0.11109379033301747,0.09210339882309995,
Arp72_9_sbt_tail_1_0       ,0.049375017925785525,0.036081743868843275,
Arp82_1_sbt_tail_1_0       ,0.00427283808973144,0.004747597877479379,
Arp82_10_sbt_tail_1_0      ,0.07083416033199233,0.05393271188816574,
Arp82_11_sbt_tail_1_0      ,0.007691108561516593,0.005887021368074428,
Arp82_12_sbt_tail_1_0      ,0.009210339882309996,0.007406252688867829,
Arp82_13_sbt_tail_1_0      ,0.01243870643899597,0.010444715330454633,
Arp82_16_sbt_tail_1_0      ,0.0075961566039670055,0.0031334145991363895,
Arp82_17_sbt_tail_1_0      ,0.014242793632438133,0.013483177972041434,
Arp82_2_sbt_tail_1_0       ,0.004937501792578553,0.00465264591992979,
Arp82_3_sbt_tail_1_0       ,0.021743998278855554,0.012343754481446381,
Arp82_4_sbt_tail_1_0       ,0.014907457335285246,0.01747116018912411,
Arp82_5_sbt_tail_1_0       ,0.04747597877479379,0.0313341459913639,
Arp82_6_sbt_tail_1_0       ,0.005032453750128141,0.003418270471785152,
Arp82_7_sbt_tail_1_0       ,0.0066466370284711295,0.005981973325624017,
Arp82_8_sbt_tail_1_0       ,0.037980783019835034,0.026586548113884518,
Arp82_9_sbt_tail_1_0       ,0.028485587264876266,0.01993991108541339,
Arp84_1_sbt_tail_1_0       ,0.0022788469811901016,0.0018990391509917514,7.0874854028085
Arp84_2_sbt_tail_1_0       ,0.00816586834926453,0.005602165495425666,7.460510950324737
Arp84_3_sbt_tail_1_0       ,0.001709135235892576,0.0013293274056942258,7.460510950324737
Arp84_4_sbt_tail_1_0       ,0.02753606768938039,0.02554207658083905,136.5273503909427
Arp84_5_sbt_tail_1_0       ,0.003228366556685977,0.0026586548113884515,7.0874854028085
Arp84_6_sbt_tail_1_0       ,0.0014242793632438134,0.0020889430660909264,7.833536497840975
Arp84_7_sbt_tail_1_0       ,0.002563702853838864,0.0037031263444339147,7.0874854028085
Arp85_1_sbt_tail_1_0       ,0.004747597877479379,0.002183895023640514,
Arp85_10_sbt_tail_1_0      ,0.00978005162760752,0.0031334145991363895,
Arp85_11_sbt_tail_1_0      ,0.05222357665227316,0.011679090778599271,
Arp85_12_sbt_tail_1_0      ,0.002753606768938039,0.0018990391509917514,
Arp85_13_sbt_tail_1_0      ,0.007121396816219067,0.0014242793632438134,
Arp85_14_sbt_tail_1_0      ,0.004177886132181853,0.0019939911085413388,
Arp85_15_sbt_tail_1_0      ,0.4719112290214503,0.27441115731830806,
Arp85_16_sbt_tail_1_0      ,0.0037980783019835027,0.002943510684037214,
Arp85_17_sbt_tail_1_0      ,0.6751084181775675,0.5249893732916696,
Arp85_18_sbt_tail_1_0      ,0.01281851426919432,0.006551685070921542,
Arp85_19_sbt_tail_1_0      ,0.29435106840372144,0.24022845260045655,
Arp85_2_sbt_tail_1_0       ,0.0020889430660909264,0.0015192313207934012,
Arp85_20_sbt_tail_1_0      ,0.3000481858566967,0.21649046321305965,
Arp85_21_sbt_tail_1_0      ,0.07501204646417417,0.03418270471785152,
Arp85_22_sbt_tail_1_0      ,0.08450724221913292,0.08080411587469902,
Arp85_23_sbt_tail_1_0      ,0.14147841674888545,0.10824523160652982,
Arp85_24_sbt_tail_1_0      ,0.007975964434165355,0.006171877240723191,
Arp85_25_sbt_tail_1_0      ,0.10017431521481487,0.0985601319364719,
Arp85_26_sbt_tail_1_0      ,0.008830532052111643,0.004367790047281028,
Arp85_4_sbt_tail_1_0       ,0.002563702853838864,0.0016141832783429886,
Arp85_6_sbt_tail_1_0       ,0.0024687508962892763,0.0018040871934421638,
Arp85_9_sbt_tail_1_0       ,0.01595192886833071,0.003228366556685977,
Arp86_1_sbt_tail_1_0       ,0.008735580094562056,0.009115387924760406,87.66100366631566
Arp86_10_sbt_tail_1_0      ,0.002753606768938039,0.0028485587264876267,25.36573723110411
Arp86_11_sbt_tail_1_0      ,0.0022788469811901016,0.001709135235892576,7.0874854028085
Arp86_12_sbt_tail_1_0      ,0.002753606768938039,0.006456733113371954,9.698664235422159
Arp86_13_sbt_tail_1_0      ,0.028770443137525033,0.023832941344946477,376.00975189636677
Arp86_14_sbt_tail_1_0      ,0.0038930302595330903,0.0037980783019835027,202.55287230131665
Arp86_15_sbt_tail_1_0      ,0.002183895023640514,0.0018990391509917514,7.460510950324737
Arp86_17_sbt_tail_1_0      ,0.0037031263444339147,0.00465264591992979,52.969627747305644
Arp86_18_sbt_tail_1_0      ,0.0037031263444339147,0.0031334145991363895,7.833536497840975
Arp86_19_sbt_tail_1_0      ,0.00351322242933474,0.004367790047281028,10.071689782938396
Arp86_2_sbt_tail_1_0       ,0.00427283808973144,0.004082934174632265,69.7557773855363
Arp86_20_sbt_tail_1_0      ,0.0037031263444339147,0.003228366556685977,71.24787957560123
Arp86_21_sbt_tail_1_0      ,0.0036081743868843275,0.0037031263444339147,109.66951096977365
Arp86_22_sbt_tail_1_0      ,0.056021654954256664,0.047001218987045845,252.53829566849237
Arp86_24_sbt_tail_1_0      ,0.016236784740979476,0.01015985945780587,248.80804019333002
Arp86_3_sbt_tail_1_0       ,0.004082934174632265,0.0038930302595330903,46.62819343952961
Arp86_4_sbt_tail_1_0       ,0.007691108561516593,0.008260820306814118,182.40949273543984
Arp86_5_sbt_tail_1_0       ,0.00351322242933474,0.002563702853838864,13.055894163068292
Arp86_6_sbt_tail_1_0       ,0.012533658396545558,0.01566707299568195,86.16890147625072
Arp86_7_sbt_tail_1_0       ,0.005507213537876078,0.006456733113371954,40.286759131753584
Arp86_8_sbt_tail_1_0       ,0.00427283808973144,0.0044627420048306155,43.27096351188348
Arp86_9_sbt_tail_1_0       ,0.0044627420048306155,0.0037980783019835027,52.22357665227317
Arp89_1_sbt_tail_1_0       ,0.0039879822170826775,0.003547879893840339,14.174970805617
Arp89_10_sbt_tail_1_0      ,0.0018990391509917514,0.005792069410524842,13.055894163068292
Arp89_11_sbt_tail_1_0      ,0.005032453750128141,0.005602165495425666,13.055894163068292
Arp89_13_sbt_tail_1_0      ,0.02886539509507462,0.021269238491107612,13.055894163068292
Arp89_14_sbt_tail_1_0      ,0.011774042736148856,0.007691108561516593,12.682868615552055
Arp89_15_sbt_tail_1_0      ,0.005602165495425666,0.009400243797409167,12.309843068035818
Arp89_3_sbt_tail_1_0       ,0.0018040871934421638,0.00283403107698254,14.54799635313324
Arp89_4_sbt_tail_1_0       ,0.0018990391509917514,0.00475652336148904,14.54799635313324
Arp89_9_sbt_tail_1_0       ,0.0036081743868843275,0.004177886132181853,13.801945258100766
Arp91_1_sbt_tail_1_0       ,0.016996400401376174,0.02430770113269442,36.183478109074976
Arp91_2_sbt_tail_1_0       ,0.002563702853838864,0.001709135235892576,9.325638687905924
NGC2207_1_sbt_tail_1_0     ,0.16236784740979474,,
NGC2207_10_sbt_tail_1_0    ,0.007786060519066181,,
NGC2207_11_sbt_tail_1_0    ,0.08260820306814118,,
NGC2207_12_sbt_tail_1_0    ,0.017756016061772874,,
NGC2207_13_sbt_tail_1_0    ,0.12628610354095146,,
NGC2207_14_sbt_tail_1_0    ,0.024022845260045653,,
NGC2207_2_sbt_tail_1_0     ,0.41209149576521004,,
NGC2207_3_sbt_tail_1_0     ,0.04557693962380203,,
NGC2207_4_sbt_tail_1_0     ,0.34277656675401114,,
NGC2207_6_sbt_tail_1_0     ,0.056021654954256664,,
NGC2207_7_sbt_tail_1_0     ,0.2107933457600844,,
NGC2207_8_sbt_tail_1_0     ,0.04367790047281028,,
Arp102_2_sbt_tail_2_5      ,,,10.071689782938396
Arp102_3_sbt_tail_2_5      ,,,8.206562045357211
Arp102_4_sbt_tail_2_5      ,,,8.206562045357211
Arp102_5_sbt_tail_2_5      ,,,11.93681752051958
Arp102_6_sbt_tail_2_5      ,,,13.801945258100766
Arp104_1_sbt_tail_2_5      ,,,28.722967158750244
Arp104_2_sbt_tail_2_5      ,,,52.22357665227317
Arp104_4_sbt_tail_2_5      ,,,33.572299276461315
Arp105_1_sbt_tail_2_5      ,0.006551685070921542,,5.96840876025979
Arp105_2_sbt_tail_2_5      ,0.018705535637268747,,46.255167892013375
Arp105_3_sbt_tail_2_5      ,0.005602165495425666,,5.96840876025979
Arp105_4_sbt_tail_2_5      ,0.0028485587264876267,,17.53220073326314
Arp105_7_sbt_tail_2_5      ,0.0031334145991363895,,4.8493321177110795
Arp105_8_sbt_tail_2_5      ,0.00351322242933474,,4.8493321177110795
Arp107_2_sbt_tail_2_5      ,0.0044627420048306155,0.0037031263444339147,
Arp107_3_sbt_tail_2_5      ,0.005032453750128141,0.0037031263444339147,
Arp107_4_sbt_tail_2_5      ,0.005602165495425666,0.004367790047281028,
Arp107_5_sbt_tail_2_5      ,0.025352172665739883,0.013578129929591022,
Arp107_6_sbt_tail_2_5      ,0.01215385056634721,0.009875003585157105,
Arp107_7_sbt_tail_2_5      ,0.0056971174529752535,0.00465264591992979,
Arp107_8_sbt_tail_2_5      ,0.008260820306814118,0.007501204646417418,
Arp178_1_sbt_tail_2_5      ,0.0036081743868843275,,17.159175185746896
Arp178_2_sbt_tail_2_5      ,0.0016141832783429886,,16.040098543198187
Arp178_3_sbt_tail_2_5      ,0.002753606768938039,,16.413124090714422
Arp181_1_sbt_tail_2_5      ,0.00816586834926453,0.005602165495425666,5.595383212743553
Arp181_2_sbt_tail_2_5      ,0.004747597877479379,0.0030384626415868024,5.595383212743553
Arp181_4_sbt_tail_2_5      ,0.014242793632438133,0.007311300731318243,5.96840876025979
Arp181_5_sbt_tail_2_5      ,0.010064907500256282,0.0056971174529752535,8.579587592873448
Arp181_6_sbt_tail_2_5      ,0.011204330990851332,0.007121396816219067,5.595383212743553
Arp205_1_sbt_tail_2_5      ,0.16426688656078645,,365.5650365659122
Arp240_1_sbt_tail_2_5      ,0.037980783019835034,,
Arp240_10_sbt_tail_2_5     ,0.0313341459913639,,
Arp240_11_sbt_tail_2_5     ,0.011394234905950507,,
Arp240_12_sbt_tail_2_5     ,0.008260820306814118,,
Arp240_2_sbt_tail_2_5      ,0.08545676179462881,,
Arp240_3_sbt_tail_2_5      ,0.12343754481446384,,
Arp240_4_sbt_tail_2_5      ,0.49375017925785536,,
Arp240_5_sbt_tail_2_5      ,0.010444715330454633,,
Arp240_6_sbt_tail_2_5      ,0.0075961566039670055,,
Arp240_7_sbt_tail_2_5      ,0.006836540943570304,,
Arp240_8_sbt_tail_2_5      ,0.1842067976461999,,
Arp240_9_sbt_tail_2_5      ,0.31619001864012664,,
Arp242_1_sbt_tail_2_5      ,0.007311300731318243,0.006836540943570304,52.59660219978941
Arp242_2_sbt_tail_2_5      ,0.024497605047793594,0.02107933457600844,101.46294892441644
Arp242_3_sbt_tail_2_5      ,0.023643037429847306,0.02221875806660349,65.27947081534147
Arp242_4_sbt_tail_2_5      ,0.04652645919929791,0.03987982217082678,126.82868615552054
Arp242_5_sbt_tail_2_5      ,0.004177886132181853,0.0039879822170826775,7.833536497840975
Arp242_6_sbt_tail_2_5      ,0.008450724221913291,0.00854567617946288,8.206562045357211
Arp242_7_sbt_tail_2_5      ,0.007691108561516593,0.010824523160652983,8.952613140389685
Arp244_1_sbt_tail_2_5      ,0.016141832783429885,0.029055299010173792,473966.26067413064
Arp244_3_sbt_tail_2_5      ,0.090014455757009,0.06371276351577326,21.2624562084255
Arp244_4_sbt_tail_2_5      ,0.20319718915611737,0.10729571203103395,17.53220073326314
Arp244_5_sbt_tail_2_5      ,0.08972959988436027,0.039689918255727596,
Arp245_1_sbt_tail_2_5      ,0.10254811415355455,0.06209858023743027,134.28919710584526
Arp245_2_sbt_tail_2_5      ,0.1329327405694226,0.16141832783429888,410.32810226786063
Arp256_2_sbt_tail_2_5      ,0.008925484009661231,0.0066466370284711295,
Arp256_3_sbt_tail_2_5      ,0.1395793775978937,0.13483177972041432,
Arp256_4_sbt_tail_2_5      ,0.35132224293347397,0.2563702853838864,
Arp256_5_sbt_tail_2_5      ,0.06741588986020716,0.05981973325624017,
Arp256_6_sbt_tail_2_5      ,0.0313341459913639,0.028485587264876266,
Arp269_1_sbt_tail_2_5      ,8.517190592198006,6.305759500868111,8609.429636674748
Arp270_1_sbt_tail_2_5      ,0.07121396816219068,0.04747597877479379,
Arp270_2_sbt_tail_2_5      ,1.1584138821049683,0.8070916391714942,
Arp271_1_sbt_tail_2_5      ,0.09685099670057933,0.0664663702847113,
Arp271_2_sbt_tail_2_5      ,0.033518041015004406,0.03959496629817802,
Arp284_1_sbt_tail_2_5      ,,0.011679090778599271,
Arp284_2_sbt_tail_2_5      ,,0.143187551984778,
Arp295_1_sbt_tail_2_5      ,0.007216348773768655,0.011774042736148856,
Arp295_2_sbt_tail_2_5      ,0.005507213537876078,0.0054122615803264915,
Arp297N_2_sbt_tail_2_5     ,0.012343754481446381,0.0066466370284711295,14.54799635313324
Arp297N_3_sbt_tail_2_5     ,0.007121396816219067,0.0039879822170826775,13.801945258100766
Arp297N_4_sbt_tail_2_5     ,0.005222357665227316,0.005602165495425666,18.651277375811848
Arp297N_5_sbt_tail_2_5     ,0.015192313207934011,0.010444715330454633,26.111788326136583
Arp297N_6_sbt_tail_2_5     ,0.002753606768938039,0.0031334145991363895,13.801945258100766
Arp297S_1_sbt_tail_2_5     ,0.009020435967210819,0.009495195754958758,
Arp298_1_sbt_tail_2_5      ,0.018990391509917517,0.011679090778599271,100.71689782938397
Arp34_1_sbt_tail_2_5       ,0.08735580094562057,0.07975964434165356,488.6634672462704
Arp34_2_sbt_tail_2_5       ,0.060769252831736044,0.057920694105248416,354.37427014042504
Arp65_1_sbt_tail_2_5       ,0.01405288971733896,0.01443269754753731,29.09599270626648
Arp65_2_sbt_tail_2_5       ,0.019465151297665455,0.023358181557198543,36.55650365659121
Arp65_3_sbt_tail_2_5       ,0.028770443137525033,0.023643037429847306,35.06440146652628
Arp65_4_sbt_tail_2_5       ,0.01566707299568195,0.016141832783429885,25.738762778620345
Arp65_5_sbt_tail_2_5       ,0.03256852143950853,0.04101924566142182,72.73998176566619
Arp65_6_sbt_tail_2_5       ,0.036556503656591216,0.03190385773666142,34.31835037149379
Arp65_7_sbt_tail_2_5       ,0.04367790047281028,0.04329809264261193,140.63063141362133
Arp65_8_sbt_tail_2_5       ,0.016141832783429885,0.013957937759789372,30.588094896331427
Arp72_1_sbt_tail_2_5       ,0.02953005879792173,0.03294832926970689,
Arp72_2_sbt_tail_2_5       ,0.5222357665227316,0.39879822170826773,
Arp72_3_sbt_tail_2_5       ,0.24687508962892768,0.16141832783429888,
Arp82_1_sbt_tail_2_5       ,0.0664663702847113,0.04652645919929791,
Arp82_2_sbt_tail_2_5       ,0.030384626415868022,0.01993991108541339,
Arp82_3_sbt_tail_2_5       ,0.221238061090539,0.15002409292834834,
Arp82_4_sbt_tail_2_5       ,0.11679090778599273,0.0892548400966123,
Arp82_5_sbt_tail_2_5       ,0.12248802523896796,0.10064907500256282,
Arp82_6_sbt_tail_2_5       ,0.016521640613628236,0.021174286533558028,
Arp82_7_sbt_tail_2_5       ,0.030574530330967194,0.02611178832613658,
Arp82_8_sbt_tail_2_5       ,0.030194722500768847,0.03342308905745482,
Arp84_3_sbt_tail_2_5       ,0.07786060519066182,0.06741588986020716,164.13124090714422
Arp84_4_sbt_tail_2_5       ,0.010349763372905045,0.00930529183985958,17.159175185746896
Arp85_2_sbt_tail_2_5       ,2.344363831899317,1.449916391782202,
Arp85_3_sbt_tail_2_5       ,0.6741588986020716,0.6067430087418646,
Arp86_1_sbt_tail_2_5       ,0.023643037429847306,0.030384626415868022,305.88094896331427
Arp86_2_sbt_tail_2_5       ,0.0740625268886783,0.05507213537876078,294.6901825378271
Arp86_3_sbt_tail_2_5       ,0.05383775993061615,0.05032453750128141,872.8797811879944
Arp86_4_sbt_tail_2_5       ,0.011394234905950507,0.011394234905950507,70.87485402808502
Arp87_1_sbt_tail_2_5       ,0.06551685070921544,0.03703126344433915,72.73998176566619
Arp89_2_sbt_tail_2_5       ,0.0381706869349342,0.030574530330967194,30.588094896331427
NGC2207_1_sbt_tail_2_5     ,1.3597120321100937,,
NGC2207_2_sbt_tail_2_5     ,0.2981491467057049,,
NGC2207_3_sbt_tail_2_5     ,0.24288710741184502,,
NGC2207_4_sbt_tail_2_5     ,0.4253847698221523,,
NGC1097_1_spiral_disk_1_0  ,0.23348686361443582,0.29909866628120085,1145.1884308748472
NGC1097_10_spiral_disk_1_0 ,0.33992800802752343,0.39025254552880484,2558.9552559613853
NGC1097_11_spiral_disk_1_0 ,0.09969955542706693,0.11774042736148857,440.1701460691595
NGC1097_12_spiral_disk_1_0 ,0.17471160189124113,0.18705535637268753,436.4398905939972
NGC1097_13_spiral_disk_1_0 ,0.3199880969421101,0.305745303309672,2473.159380032651
NGC1097_14_spiral_disk_1_0 ,0.21269238491107614,0.20319718915611737,1421.2273360368627
NGC1097_15_spiral_disk_1_0 ,0.30954338161165545,0.30954338161165545,2323.949161026156
NGC1097_16_spiral_disk_1_0 ,0.14622601462636486,0.17281256274024936,399.1373358423735
NGC1097_17_spiral_disk_1_0 ,0.23453133514748126,0.2611178832613658,1391.3852922355636
NGC1097_18_spiral_disk_1_0 ,0.2725121181673163,0.19939911085413387,2439.587080756189
NGC1097_19_spiral_disk_1_0 ,0.496598737984343,0.5962982934114098,5129.1012783482565
NGC1097_2_spiral_disk_1_0  ,0.04890025813803759,0.06304809981292615,249.92711683587873
NGC1097_20_spiral_disk_1_0 ,0.1053966728800422,0.11489186863500095,208.89430660909267
NGC1097_22_spiral_disk_1_0 ,0.026586548113884518,0.011394234905950507,134.28919710584526
NGC1097_23_spiral_disk_1_0 ,0.1253365839654556,0.14717553420186072,895.2613140389685
NGC1097_24_spiral_disk_1_0 ,0.20794478703359678,0.2107933457600844,466.28193439529616
NGC1097_25_spiral_disk_1_0 ,0.09969955542706693,0.1443269754753731,682.6367519547135
NGC1097_26_spiral_disk_1_0 ,0.027346163774281215,0.027156259859182044,63.41434307776027
NGC1097_27_spiral_disk_1_0 ,0.427283808973144,0.5088475405082398,4032.4061686505215
NGC1097_28_spiral_disk_1_0 ,0.46526459199297904,0.5003968162863265,1182.4909856264708
NGC1097_29_spiral_disk_1_0 ,0.09751566040342642,0.10890989530937693,906.4520804644557
NGC1097_3_spiral_disk_1_0  ,0.16711544528727412,0.23168277642099366,1305.5894163068292
NGC1097_30_spiral_disk_1_0 ,0.10482696113474467,0.13862985802239783,906.4520804644557
NGC1097_31_spiral_disk_1_0 ,0.08070916391714944,0.08735580094562057,484.93321177110795
NGC1097_32_spiral_disk_1_0 ,0.17300246665534855,0.1946515129766545,1089.2345987474116
NGC1097_33_spiral_disk_1_0 ,0.305745303309672,0.3646155169904162,1107.8858761232236
NGC1097_34_spiral_disk_1_0 ,0.03779087910473586,0.04367790047281028,208.89430660909267
NGC1097_35_spiral_disk_1_0 ,0.1481250537773566,0.16901448443826583,1383.9247812852389
NGC1097_36_spiral_disk_1_0 ,0.07691108561516592,0.08830532052111643,484.93321177110795
NGC1097_37_spiral_disk_1_0 ,0.12628610354095146,0.15762024953231535,787.0839052592598
NGC1097_38_spiral_disk_1_0 ,0.08327286677098829,0.10966951096977365,387.9465694168864
NGC1097_39_spiral_disk_1_0 ,0.13198322099392673,0.15477169080582773,719.9393067063372
NGC1097_4_spiral_disk_1_0  ,0.07786060519066182,0.1053966728800422,276.03890516201534
NGC1097_40_spiral_disk_1_0 ,0.07975964434165356,0.09115387924760406,253.6573723110411
NGC1097_41_spiral_disk_1_0 ,0.03912020651043008,0.059250021510942635,257.3876277862035
NGC1097_5_spiral_disk_1_0  ,0.6095915674683522,0.6988464075649645,3319.9273728945086
NGC1097_6_spiral_disk_1_0  ,0.5241348056737235,0.5858535780809553,1410.0365696113754
NGC1097_7_spiral_disk_1_0  ,0.3266347339705812,0.29435106840372144,2808.8823727972645
NGC1097_8_spiral_disk_1_0  ,0.4339304460016152,0.427283808973144,1301.859160831667
NGC1097_9_spiral_disk_1_0  ,0.27725971604479566,0.26206740283686175,235.00609493522924
NGC1291_2_spiral_disk_1_0  ,0.1266659113711498,0.15106856446139383,1283.2078834558547
NGC1291_4_spiral_disk_1_0  ,0.04130410153407059,0.04462742004830615,212.62456208425505
NGC1291_5_spiral_disk_1_0  ,0.08099401978979819,0.06903007313855017,484.93321177110795
NGC1291_6_spiral_disk_1_0  ,0.07225843969523614,0.07814546106331055,320.8019708639637
NGC2403_1_spiral_disk_1_0  ,5.225206223953803,4.566239638559666,
NGC2403_2_spiral_disk_1_0  ,1.0444715330454633,0.9153368707780242,
NGC2403_3_spiral_disk_1_0  ,2.639664419878534,2.0984382618458852,
NGC2403_4_spiral_disk_1_0  ,4.529208375115327,3.2160228022045305,
NGC2403_5_spiral_disk_1_0  ,1.0663104832818684,1.022632582809058,
NGC2403_6_spiral_disk_1_0  ,11.014427075752158,8.552322816491351,
NGC2403_7_spiral_disk_1_0  ,3.8237153305218916,2.8922366269604365,
NGC2403_8_spiral_disk_1_0  ,3.503727233579781,2.193390219395473,
NGC2403_9_spiral_disk_1_0  ,7.46132482424659,6.043692098031248,
NGC2543_1_spiral_disk_1_0  ,0.008830532052111643,0.007406252688867829,
NGC2543_10_spiral_disk_1_0 ,0.16521640613628236,0.14717553420186072,
NGC2543_11_spiral_disk_1_0 ,0.028485587264876266,0.028485587264876266,
NGC2543_12_spiral_disk_1_0 ,0.22028854151504312,0.21174286533558026,
NGC2543_13_spiral_disk_1_0 ,0.060769252831736044,0.06456733113371954,
NGC2543_14_spiral_disk_1_0 ,0.04272838089731441,0.036081743868843275,
NGC2543_15_spiral_disk_1_0 ,0.09780051627607518,0.08830532052111643,
NGC2543_16_spiral_disk_1_0 ,0.1405288971733896,0.13388226014491844,
NGC2543_17_spiral_disk_1_0 ,0.004177886132181853,0.004747597877479379,
NGC2543_18_spiral_disk_1_0 ,0.02563702853838864,0.026586548113884518,
NGC2543_2_spiral_disk_1_0  ,0.022788469811901014,0.022788469811901014,
NGC2543_3_spiral_disk_1_0  ,0.012343754481446381,0.009210339882309996,
NGC2543_4_spiral_disk_1_0  ,0.017281256274024936,0.011963946651248034,
NGC2543_5_spiral_disk_1_0  ,0.008925484009661231,0.009495195754958758,
NGC2543_6_spiral_disk_1_0  ,0.05412261580326491,0.03323318514235565,
NGC2543_7_spiral_disk_1_0  ,0.024687508962892762,0.01993991108541339,
NGC2543_8_spiral_disk_1_0  ,0.029435106840372142,0.028485587264876266,
NGC2543_9_spiral_disk_1_0  ,0.10349763372905042,0.10349763372905042,
NGC2639_11_spiral_disk_1_0 ,0.028485587264876266,0.02563702853838864,71.99393067063372
NGC2639_12_spiral_disk_1_0 ,0.0014242793632438134,0.0018990391509917514,5.96840876025979
NGC2639_13_spiral_disk_1_0 ,0.0011394234905950508,0.0018040871934421638,5.96840876025979
NGC2639_14_spiral_disk_1_0 ,0.04462742004830615,0.016141832783429885,451.36091249464664
NGC2639_15_spiral_disk_1_0 ,0.0019939911085413388,0.0019939911085413388,5.96840876025979
NGC2639_16_spiral_disk_1_0 ,0.001709135235892576,0.0022788469811901016,5.96840876025979
NGC2639_17_spiral_disk_1_0 ,0.006076925283173605,0.004747597877479379,6.714459855292264
NGC2639_18_spiral_disk_1_0 ,0.0018990391509917514,0.0018990391509917514,5.96840876025979
NGC2639_19_spiral_disk_1_0 ,0.0018990391509917514,0.0019939911085413388,5.96840876025979
NGC2639_2_spiral_disk_1_0  ,0.0010444715330454632,0.0012343754481446382,5.96840876025979
NGC2639_20_spiral_disk_1_0 ,0.004082934174632265,0.0033233185142355647,6.714459855292264
NGC2639_21_spiral_disk_1_0 ,0.006266829198272779,0.0044627420048306155,6.714459855292264
NGC2639_22_spiral_disk_1_0 ,0.03323318514235565,0.010444715330454633,156.67072995681949
NGC2639_23_spiral_disk_1_0 ,0.011394234905950507,0.007311300731318243,7.833536497840975
NGC2639_24_spiral_disk_1_0 ,0.018040871934421637,0.014242793632438133,39.16768248920487
NGC2639_25_spiral_disk_1_0 ,0.0012343754481446382,0.0016141832783429886,5.96840876025979
NGC2639_26_spiral_disk_1_0 ,0.011394234905950507,0.006931492901119893,7.833536497840975
NGC2639_29_spiral_disk_1_0 ,0.0013293274056942258,0.0016141832783429886,5.96840876025979
NGC2639_3_spiral_disk_1_0  ,0.0014242793632438134,0.0014242793632438134,5.96840876025979
NGC2639_30_spiral_disk_1_0 ,0.007975964434165355,0.005127405707677728,7.0874854028085
NGC2639_31_spiral_disk_1_0 ,0.0075961566039670055,0.005222357665227316,7.0874854028085
NGC2639_32_spiral_disk_1_0 ,0.0013293274056942258,0.0016141832783429886,5.96840876025979
NGC2639_33_spiral_disk_1_0 ,0.0022788469811901016,0.0019939911085413388,6.341434307776027
NGC2639_34_spiral_disk_1_0 ,0.0031334145991363895,0.0028485587264876267,6.341434307776027
NGC2639_35_spiral_disk_1_0 ,0.0014242793632438134,0.0022788469811901016,5.96840876025979
NGC2639_36_spiral_disk_1_0 ,0.0015192313207934012,0.002183895023640514,5.96840876025979
NGC2639_37_spiral_disk_1_0 ,0.0013293274056942258,0.0014242793632438134,5.96840876025979
NGC2639_38_spiral_disk_1_0 ,0.0026586548113884515,0.0031334145991363895,5.96840876025979
NGC2639_4_spiral_disk_1_0  ,0.0023737989387396896,0.0018040871934421638,6.341434307776027
NGC2639_5_spiral_disk_1_0  ,0.0014242793632438134,0.0014242793632438134,5.595383212743553
NGC2639_6_spiral_disk_1_0  ,0.001709135235892576,0.0018040871934421638,6.341434307776027
NGC2639_7_spiral_disk_1_0  ,0.0011394234905950508,0.001709135235892576,5.96840876025979
NGC2639_8_spiral_disk_1_0  ,0.009210339882309996,0.00702644485866948,7.0874854028085
NGC2639_9_spiral_disk_1_0  ,0.005127405707677728,0.005127405707677728,6.714459855292264
NGC2841_1_spiral_disk_1_0  ,0.04709617094459542,0.03836059085003338,220.08507303457975
NGC2841_10_spiral_disk_1_0 ,0.1405288971733896,0.10007936325726528,719.9393067063372
NGC2841_11_spiral_disk_1_0 ,0.008450724221913291,0.0015192313207934012,44.76306570194843
NGC2841_12_spiral_disk_1_0 ,0.09495195754958757,0.06741588986020716,727.3998176566619
NGC2841_13_spiral_disk_1_0 ,0.012913466226743909,0.007786060519066181,1148.9186863500095
NGC2841_2_spiral_disk_1_0  ,0.19560103255215036,0.14242793632438136,999.7084673435149
NGC2841_3_spiral_disk_1_0  ,0.14907457335285246,0.1046370572196455,723.6695621814996
NGC2841_4_spiral_disk_1_0  ,0.2611178832613658,0.16008900042860466,1096.6951096977366
NGC2841_5_spiral_disk_1_0  ,0.2525722070819029,0.14622601462636486,503.58448914691985
NGC2841_7_spiral_disk_1_0  ,0.27156259859182036,0.15856976910781126,2309.028139125506
NGC2841_8_spiral_disk_1_0  ,0.20034863042962975,0.11014427075752156,1954.6538689850815
NGC3049_1_spiral_disk_1_0  ,0.08545676179462881,0.06931492901119891,816.9259490605589
NGC3049_2_spiral_disk_1_0  ,0.03893030259533091,0.022788469811901014,346.91375919010034
NGC3049_3_spiral_disk_1_0  ,0.03228366556685977,0.029719962713020905,428.9793796436725
NGC3049_4_spiral_disk_1_0  ,0.06171877240723192,0.036081743868843275,235.00609493522924
NGC3184_1_spiral_disk_1_0  ,,,309.6112044384766
NGC3184_10_spiral_disk_1_0 ,,,4640.437811101987
NGC3184_11_spiral_disk_1_0 ,,,1674.8847083479038
NGC3184_12_spiral_disk_1_0 ,,,52.22357665227317
NGC3184_13_spiral_disk_1_0 ,,,3980.1825919982475
NGC3184_14_spiral_disk_1_0 ,,,7195.662811588209
NGC3184_15_spiral_disk_1_0 ,,,1902.4302923328082
NGC3184_16_spiral_disk_1_0 ,,,2558.9552559613853
NGC3184_17_spiral_disk_1_0 ,,,466.28193439529616
NGC3184_18_spiral_disk_1_0 ,,,1615.200620745306
NGC3184_19_spiral_disk_1_0 ,,,6915.893650951032
NGC3184_2_spiral_disk_1_0  ,,,1544.3257667172206
NGC3184_20_spiral_disk_1_0 ,,,48.4933211771108
NGC3184_21_spiral_disk_1_0 ,,,2655.9418983156065
NGC3184_22_spiral_disk_1_0 ,,,1424.957591512025
NGC3184_23_spiral_disk_1_0 ,,,1216.0632849029323
NGC3184_24_spiral_disk_1_0 ,,,1324.240693682641
NGC3184_3_spiral_disk_1_0  ,,,1216.0632849029323
NGC3184_4_spiral_disk_1_0  ,,,1417.4970805617002
NGC3184_5_spiral_disk_1_0  ,,,3756.3672634885056
NGC3184_6_spiral_disk_1_0  ,,,2100.133832516414
NGC3184_7_spiral_disk_1_0  ,,,2215.7717522464472
NGC3184_8_spiral_disk_1_0  ,,,2070.2917887151148
NGC3184_9_spiral_disk_1_0  ,,,1924.8118251837825
NGC3344_1_spiral_disk_1_0  ,1.985445432361876,1.3625605908365817,
NGC3344_2_spiral_disk_1_0  ,0.8450724221913294,0.5070434533147976,
NGC3344_3_spiral_disk_1_0  ,2.7507582102115515,1.3169836512127795,
NGC3344_4_spiral_disk_1_0  ,0.7273319948298409,0.45481987666252444,
NGC3344_5_spiral_disk_1_0  ,0.2459255700534318,0.2734616377428122,
NGC3367_1_spiral_disk_1_0  ,0.06361781155822367,0.07881012476615767,
NGC3367_10_spiral_disk_1_0 ,0.05032453750128141,0.049375017925785525,
NGC3367_11_spiral_disk_1_0 ,0.08640628137012468,0.10444715330454632,
NGC3367_12_spiral_disk_1_0 ,0.06171877240723192,0.053173096227769036,
NGC3367_13_spiral_disk_1_0 ,0.0313341459913639,0.03228366556685977,
NGC3367_14_spiral_disk_1_0 ,0.01993991108541339,0.018040871934421637,
NGC3367_15_spiral_disk_1_0 ,0.0030384626415868024,0.00351322242933474,
NGC3367_16_spiral_disk_1_0 ,0.005602165495425666,0.009495195754958758,
NGC3367_17_spiral_disk_1_0 ,0.06456733113371954,0.06931492901119891,
NGC3367_18_spiral_disk_1_0 ,0.07121396816219068,0.056021654954256664,
NGC3367_19_spiral_disk_1_0 ,0.005981973325624017,0.006836540943570304,
NGC3367_2_spiral_disk_1_0  ,0.029435106840372142,0.03323318514235565,
NGC3367_20_spiral_disk_1_0 ,0.011394234905950507,0.014242793632438133,
NGC3367_21_spiral_disk_1_0 ,0.05981973325624017,0.049375017925785525,
NGC3367_22_spiral_disk_1_0 ,0.0626682919827278,0.04272838089731441,
NGC3367_23_spiral_disk_1_0 ,0.183257278070704,0.1329327405694226,
NGC3367_24_spiral_disk_1_0 ,0.014242793632438133,0.013293274056942259,
NGC3367_25_spiral_disk_1_0 ,0.05507213537876078,0.04462742004830615,
NGC3367_26_spiral_disk_1_0 ,0.00788101247661577,0.00854567617946288,
NGC3367_27_spiral_disk_1_0 ,0.07786060519066182,0.05127405707677728,
NGC3367_28_spiral_disk_1_0 ,0.18990391509917515,0.16141832783429888,
NGC3367_3_spiral_disk_1_0  ,0.01993991108541339,0.01993991108541339,
NGC3367_30_spiral_disk_1_0 ,0.022788469811901014,0.01993991108541339,
NGC3367_31_spiral_disk_1_0 ,0.013293274056942259,0.012343754481446381,
NGC3367_32_spiral_disk_1_0 ,0.07786060519066182,0.07881012476615767,
NGC3367_33_spiral_disk_1_0 ,0.029435106840372142,0.024687508962892762,
NGC3367_34_spiral_disk_1_0 ,0.0038930302595330903,0.006171877240723191,
NGC3367_35_spiral_disk_1_0 ,0.030384626415868022,0.029435106840372142,
NGC3367_36_spiral_disk_1_0 ,0.036081743868843275,0.04462742004830615,
NGC3367_37_spiral_disk_1_0 ,0.0702644485866948,0.0702644485866948,
NGC3367_38_spiral_disk_1_0 ,0.11394234905950507,0.05697117452975253,
NGC3367_39_spiral_disk_1_0 ,0.02753606768938039,0.030384626415868022,
NGC3367_4_spiral_disk_1_0  ,0.10444715330454632,0.11394234905950507,
NGC3367_40_spiral_disk_1_0 ,0.02183895023640514,0.018990391509917517,
NGC3367_41_spiral_disk_1_0 ,0.10729571203103395,0.09115387924760406,
NGC3367_42_spiral_disk_1_0 ,0.08735580094562057,0.08830532052111643,
NGC3367_43_spiral_disk_1_0 ,0.01709135235892576,0.022788469811901014,
NGC3367_44_spiral_disk_1_0 ,0.0351322242933474,0.030384626415868022,
NGC3367_45_spiral_disk_1_0 ,0.020889430660909265,0.018040871934421637,
NGC3367_46_spiral_disk_1_0 ,0.18990391509917515,0.1433774558998772,
NGC3367_47_spiral_disk_1_0 ,0.03703126344433915,0.0351322242933474,
NGC3367_48_spiral_disk_1_0 ,0.05127405707677728,0.0626682919827278,
NGC3367_49_spiral_disk_1_0 ,0.07596156603967007,0.08545676179462881,
NGC3367_5_spiral_disk_1_0  ,0.05412261580326491,0.060769252831736044,
NGC3367_50_spiral_disk_1_0 ,0.09115387924760406,0.10064907500256282,
NGC3367_51_spiral_disk_1_0 ,0.01709135235892576,0.018990391509917517,
NGC3367_52_spiral_disk_1_0 ,0.04082934174632265,0.03893030259533091,
NGC3367_53_spiral_disk_1_0 ,0.007501204646417418,0.006456733113371954,
NGC3367_54_spiral_disk_1_0 ,0.006741588986020717,0.0056971174529752535,
NGC3367_55_spiral_disk_1_0 ,0.05697117452975253,0.0664663702847113,
NGC3367_56_spiral_disk_1_0 ,0.006836540943570304,0.008450724221913291,
NGC3367_57_spiral_disk_1_0 ,0.011394234905950507,0.013293274056942259,
NGC3367_58_spiral_disk_1_0 ,0.008260820306814118,0.010444715330454633,
NGC3367_6_spiral_disk_1_0  ,0.34562512548049873,0.3722116735943833,
NGC3367_7_spiral_disk_1_0  ,0.013293274056942259,0.013293274056942259,
NGC3367_8_spiral_disk_1_0  ,0.01709135235892576,0.018990391509917517,
NGC337_1_spiral_disk_1_0   ,1.0254811415355456,0.6646637028471131,
NGC337_2_spiral_disk_1_0   ,0.31049290118715134,0.16996400401376172,
NGC337_3_spiral_disk_1_0   ,0.15002409292834834,0.07881012476615767,
NGC337_4_spiral_disk_1_0   ,1.2343754481446383,0.8602647353992634,
NGC337_5_spiral_disk_1_0   ,0.313341459913639,0.2677645202898369,
NGC337_6_spiral_disk_1_0   ,0.6076925283173605,0.4177886132181853,
NGC337_7_spiral_disk_1_0   ,0.1367308188714061,0.09305291839859582,
NGC337_8_spiral_disk_1_0   ,0.511791051192277,0.3788583106228544,
NGC3521_1_spiral_disk_1_0  ,0.08450724221913292,0.04681131507194666,67.14459855292263
NGC3521_2_spiral_disk_1_0  ,0.6959978488384769,0.5108415316167811,9571.83554926664
NGC3521_3_spiral_disk_1_0  ,0.3152404990646307,0.29045803814418836,6572.710147236095
NGC3521_4_spiral_disk_1_0  ,1.2220316936631919,0.435829485152607,33124.668619441836
NGC3521_5_spiral_disk_1_0  ,0.42633428939764817,0.3158102108099282,6755.492665519051
NGC3521_6_spiral_disk_1_0  ,0.025067316793091116,0.020414670873161324,59.6840876025979
NGC3521_7_spiral_disk_1_0  ,0.05896516563829389,0.039689918255727596,67.14459855292263
NGC3521_8_spiral_disk_1_0  ,0.10919475118202569,0.12780533486174486,111.90766425487107
NGC3621_1_spiral_disk_1_0  ,1.4280774415457969,0.34467560590500285,
NGC3621_2_spiral_disk_1_0  ,1.7765511257527835,1.0720076007348436,
NGC3621_3_spiral_disk_1_0  ,4.339304460016152,1.8696040441513795,
NGC3621_4_spiral_disk_1_0  ,4.315566470628754,1.9151809837751808,
NGC3621_5_spiral_disk_1_0  ,0.6903007313855016,0.5259388928671654,
NGC3621_6_spiral_disk_1_0  ,0.15382217123033184,0.12913466226743908,
NGC3621_7_spiral_disk_1_0  ,0.9267311056839747,0.7691108561516593,
NGC3621_8_spiral_disk_1_0  ,0.5592670299670707,0.4595674745400038,
NGC3621_9_spiral_disk_1_0  ,0.7548680625192212,0.6095915674683522,
NGC3938_1_spiral_disk_1_0  ,0.061908676322331095,,
NGC3938_10_spiral_disk_1_0 ,0.22313710024153074,,
NGC3938_11_spiral_disk_1_0 ,0.23073325684549775,,
NGC3938_13_spiral_disk_1_0 ,0.366514556141408,,
NGC3938_14_spiral_disk_1_0 ,0.1395793775978937,,
NGC3938_15_spiral_disk_1_0 ,0.22503613939252248,,
NGC3938_16_spiral_disk_1_0 ,0.39025254552880484,,
NGC3938_17_spiral_disk_1_0 ,0.6732093790265758,,
NGC3938_18_spiral_disk_1_0 ,0.28200731392227507,,
NGC3938_19_spiral_disk_1_0 ,0.33612992972553996,,
NGC3938_2_spiral_disk_1_0  ,0.07871517280860808,,
NGC3938_20_spiral_disk_1_0 ,0.3304328122725647,,
NGC3938_21_spiral_disk_1_0 ,0.14717553420186072,,
NGC3938_22_spiral_disk_1_0 ,0.23737989387396893,,
NGC3938_23_spiral_disk_1_0 ,0.08640628137012468,,
NGC3938_24_spiral_disk_1_0 ,0.39025254552880484,,
NGC3938_25_spiral_disk_1_0 ,0.40829341746322656,,
NGC3938_26_spiral_disk_1_0 ,0.30954338161165545,,
NGC3938_27_spiral_disk_1_0 ,0.4880530618048801,,
NGC3938_28_spiral_disk_1_0 ,0.3019472250076885,,
NGC3938_29_spiral_disk_1_0 ,0.21174286533558026,,
NGC3938_3_spiral_disk_1_0  ,0.2668150007143411,,
NGC3938_30_spiral_disk_1_0 ,0.1405288971733896,,
NGC3938_4_spiral_disk_1_0  ,0.14622601462636486,,
NGC3938_5_spiral_disk_1_0  ,0.2611178832613658,,
NGC3938_6_spiral_disk_1_0  ,0.5896516563829388,,
NGC3938_7_spiral_disk_1_0  ,0.30859386203615957,,
NGC3938_8_spiral_disk_1_0  ,0.5108415316167811,,
NGC3938_9_spiral_disk_1_0  ,0.024687508962892762,,
NGC4254_1_spiral_disk_1_0  ,0.27820923562029154,0.18553612505189407,1678.614963823066
NGC4254_10_spiral_disk_1_0 ,0.24022845260045655,0.18990391509917515,7005.419782354929
NGC4254_11_spiral_disk_1_0 ,0.6551685070921541,0.29055299010173796,17099.491098144303
NGC4254_12_spiral_disk_1_0 ,0.07501204646417417,0.05326804818531862,443.90040154432194
NGC4254_13_spiral_disk_1_0 ,0.6361781155822367,0.25731980495938234,21038.64087991576
NGC4254_14_spiral_disk_1_0 ,0.36366599741492045,0.2145914240620679,4181.616387657016
NGC4254_15_spiral_disk_1_0 ,1.058714326677901,0.7368271905847996,13835.517557377227
NGC4254_16_spiral_disk_1_0 ,0.16141832783429888,0.057920694105248416,6304.131753024404
NGC4254_17_spiral_disk_1_0 ,0.15192313207934013,0.12248802523896796,2626.0998545143075
NGC4254_18_spiral_disk_1_0 ,0.5127405707677728,0.3351804101500441,6181.033322344045
NGC4254_19_spiral_disk_1_0 ,0.9666109278548014,0.5830050193544676,19069.065989030027
NGC4254_2_spiral_disk_1_0  ,0.060579348916636855,0.03864544672268214,1156.3791973003345
NGC4254_20_spiral_disk_1_0 ,0.4766588268989295,0.3047957837341761,7516.4647824521735
NGC4254_21_spiral_disk_1_0 ,1.887644916085801,1.10049318799972,23896.016573890138
NGC4254_22_spiral_disk_1_0 ,1.2248802523896798,0.6124401261948399,16674.24197397579
NGC4254_23_spiral_disk_1_0 ,0.20984382618458852,0.13862985802239783,1182.4909856264708
NGC4254_24_spiral_disk_1_0 ,0.4842549835028966,0.37600975189636676,8717.607045454457
NGC4254_25_spiral_disk_1_0 ,0.6959978488384769,0.4576684353890121,14260.766681545736
NGC4254_26_spiral_disk_1_0 ,1.824976624103073,1.25241632007906,23090.281391255063
NGC4254_27_spiral_disk_1_0 ,0.313341459913639,0.20984382618458852,3648.1898547087967
NGC4254_3_spiral_disk_1_0  ,0.007691108561516593,0.002943510684037214,23.127583946006688
NGC4254_4_spiral_disk_1_0  ,0.5763583823259966,0.3921515846797966,7799.964198564513
NGC4254_5_spiral_disk_1_0  ,0.34087752760301937,0.22028854151504312,2775.3100735208027
NGC4254_6_spiral_disk_1_0  ,0.130084181842935,0.060769252831736044,947.4848906912417
NGC4254_7_spiral_disk_1_0  ,0.3047957837341761,0.1823077584952081,5692.369855097776
NGC4254_8_spiral_disk_1_0  ,0.13578129929591018,0.09115387924760406,1656.2334309720916
NGC4254_9_spiral_disk_1_0  ,0.12343754481446384,0.0816586834926453,1846.4764602053724
NGC4321_1_spiral_disk_1_0  ,0.3304328122725647,0.2611178832613658,2267.995328898721
NGC4321_10_spiral_disk_1_0 ,0.1253365839654556,0.10159859457805868,335.7229927646132
NGC4321_11_spiral_disk_1_0 ,0.24117797217595238,0.183257278070704,1208.6027739526078
NGC4321_12_spiral_disk_1_0 ,0.38835350637781313,0.3285337731215729,3327.387883844833
NGC4321_13_spiral_disk_1_0 ,0.8070916391714942,0.5459737559101285,3014.046423931194
NGC4321_14_spiral_disk_1_0 ,0.19721521583049337,0.1918979062077165,1727.1082850001767
NGC4321_15_spiral_disk_1_0 ,0.14242793632438136,0.09590147712508344,78.33536497840974
NGC4321_16_spiral_disk_1_0 ,0.39879822170826773,0.32283665566859776,1555.5165331427079
NGC4321_17_spiral_disk_1_0 ,0.1367308188714061,0.11679090778599273,462.5516789201337
NGC4321_18_spiral_disk_1_0 ,0.22028854151504312,0.1842067976461999,634.1434307776028
NGC4321_19_spiral_disk_1_0 ,0.5554689516650873,0.389303025953309,2946.9018253782715
NGC4321_2_spiral_disk_1_0  ,0.4462742004830615,0.3218871360931019,4599.405000875201
NGC4321_20_spiral_disk_1_0 ,0.4595674745400038,0.38360590850033377,1010.8992337690019
NGC4321_21_spiral_disk_1_0 ,0.19560103255215036,0.16711544528727412,1812.9041609289113
NGC4321_22_spiral_disk_1_0 ,0.15951928868330711,0.13483177972041432,913.9125914147803
NGC4321_23_spiral_disk_1_0 ,0.7795555714821139,0.5108415316167811,4651.628577527475
NGC4321_24_spiral_disk_1_0 ,0.5222357665227316,0.34372608632950696,2230.6927741470963
NGC4321_25_spiral_disk_1_0 ,0.6361781155822367,0.4244352502466564,3927.959015345975
NGC4321_26_spiral_disk_1_0 ,0.09115387924760406,0.07311300731318243,78.33536497840974
NGC4321_27_spiral_disk_1_0 ,0.7121396816219068,0.5925002151094264,1521.9442338662466
NGC4321_28_spiral_disk_1_0 ,0.12248802523896796,0.08355772264363706,249.92711683587873
NGC4321_29_spiral_disk_1_0 ,0.056116606911806255,0.07054930445934357,48.4933211771108
NGC4321_3_spiral_disk_1_0  ,0.7491709450662457,0.5763583823259966,3476.5981028513274
NGC4321_30_spiral_disk_1_0 ,0.09305291839859582,0.10064907500256282,287.22967158750237
NGC4321_4_spiral_disk_1_0  ,0.871658970305214,0.6447237917616996,3144.605365561877
NGC4321_5_spiral_disk_1_0  ,0.2886539509507462,0.25826932453487816,1484.6416791146228
NGC4321_6_spiral_disk_1_0  ,0.1946515129766545,0.1842067976461999,977.3269344925408
NGC4321_7_spiral_disk_1_0  ,0.4244352502466564,0.3484736842069863,802.0049271599094
NGC4321_8_spiral_disk_1_0  ,1.465108704990136,0.9352767818634374,4935.127993639815
NGC4321_9_spiral_disk_1_0  ,0.4633655528419873,0.4006972608592595,2525.382956684924
NGC4450_1_spiral_disk_1_0  ,0.12438706438995974,,995.9782118683526
NGC4450_2_spiral_disk_1_0  ,0.1785096801932246,,2312.758394600669
NGC4450_3_spiral_disk_1_0  ,0.31619001864012664,,4424.08299354257
NGC4450_4_spiral_disk_1_0  ,0.01842067976461999,,197.70354018360555
NGC4450_5_spiral_disk_1_0  ,0.06428247526107078,,35.81045256155874
NGC4450_6_spiral_disk_1_0  ,0.04529208375115326,,216.35481755941743
NGC4559_1_spiral_disk_1_0  ,1.1318273339910836,0.8450724221913294,
NGC4559_2_spiral_disk_1_0  ,1.4480173526312101,1.161262440831456,
NGC4559_3_spiral_disk_1_0  ,1.6815991682031959,1.2087384196062496,
NGC4559_5_spiral_disk_1_0  ,1.5144837229159218,1.0853008747917858,
NGC4559_6_spiral_disk_1_0  ,0.4244352502466564,0.3266347339705812,
NGC4559_7_spiral_disk_1_0  ,0.6893512118100057,0.4709617094459543,
NGC4579_10_spiral_disk_1_0 ,0.19939911085413387,0.16426688656078645,10183.597447193266
NGC4579_11_spiral_disk_1_0 ,0.13578129929591018,0.1290397103098895,9437.546352160793
NGC4579_12_spiral_disk_1_0 ,0.1367308188714061,0.1481250537773566,7087.485402808501
NGC4579_13_spiral_disk_1_0 ,0.0066466370284711295,0.0183257278070704,279.76916063717766
NGC4579_14_spiral_disk_1_0 ,0.15002409292834834,0.13198322099392673,9362.941242657545
NGC4579_15_spiral_disk_1_0 ,0.011204330990851332,0.02354808547229771,287.22967158750237
NGC4579_16_spiral_disk_1_0 ,0.11622119604069517,0.07738584540291386,2014.3379565876794
NGC4579_2_spiral_disk_1_0  ,0.006171877240723191,0.01566707299568195,298.42043801298956
NGC4579_3_spiral_disk_1_0  ,0.13388226014491844,0.08355772264363706,5110.450000972446
NGC4579_4_spiral_disk_1_0  ,0.08355772264363706,0.049375017925785525,1641.3124090714425
NGC4579_5_spiral_disk_1_0  ,0.003228366556685977,0.018990391509917517,294.6901825378271
NGC4579_6_spiral_disk_1_0  ,0.5127405707677728,0.33802896887653167,17606.805842766382
NGC4579_7_spiral_disk_1_0  ,0.25731980495938234,0.20319718915611737,22941.07117224857
NGC4579_8_spiral_disk_1_0  ,0.003418270471785152,0.013957937759789372,298.42043801298956
NGC4579_9_spiral_disk_1_0  ,0.7377767101602953,0.5070434533147976,25813.367888123594
NGC4594_10_spiral_disk_1_0 ,0.17062866771660887,0.07425243080377748,
NGC4594_11_spiral_disk_1_0 ,0.0014242793632438134,0.020794478703359674,
NGC4594_12_spiral_disk_1_0 ,0.06342790764312449,0.04719112290214502,
NGC4594_14_spiral_disk_1_0 ,0.0015192313207934012,0.019844959127863798,
NGC4594_15_spiral_disk_1_0 ,0.07786060519066182,0.025352172665739883,
NGC4594_16_spiral_disk_1_0 ,0.050989201204128524,0.055546895166508736,
NGC4594_3_spiral_disk_1_0  ,0.14916952531040206,0.0710240642470915,
NGC4594_5_spiral_disk_1_0  ,0.015097361250384423,0.02459255700534318,
NGC4594_7_spiral_disk_1_0  ,0.0351322242933474,0.010349763372905045,
NGC4594_8_spiral_disk_1_0  ,0.19939911085413387,0.08498200200688086,
NGC4725_10_spiral_disk_1_0 ,,,
NGC4725_11_spiral_disk_1_0 ,,,
NGC4725_12_spiral_disk_1_0 ,,,
NGC4725_13_spiral_disk_1_0 ,,,
NGC4725_14_spiral_disk_1_0 ,,,
NGC4725_15_spiral_disk_1_0 ,,,
NGC4725_16_spiral_disk_1_0 ,,,
NGC4725_17_spiral_disk_1_0 ,,,
NGC4725_18_spiral_disk_1_0 ,,,
NGC4725_19_spiral_disk_1_0 ,,,
NGC4725_2_spiral_disk_1_0  ,,,
NGC4725_20_spiral_disk_1_0 ,,,
NGC4725_21_spiral_disk_1_0 ,,,
NGC4725_22_spiral_disk_1_0 ,,,
NGC4725_23_spiral_disk_1_0 ,,,
NGC4725_24_spiral_disk_1_0 ,,,
NGC4725_25_spiral_disk_1_0 ,,,
NGC4725_26_spiral_disk_1_0 ,,,
NGC4725_27_spiral_disk_1_0 ,,,
NGC4725_3_spiral_disk_1_0  ,,,
NGC4725_4_spiral_disk_1_0  ,,,
NGC4725_5_spiral_disk_1_0  ,,,
NGC4725_6_spiral_disk_1_0  ,,,
NGC4725_7_spiral_disk_1_0  ,,,
NGC4725_8_spiral_disk_1_0  ,,,
NGC4725_9_spiral_disk_1_0  ,,,
NGC4736_1_spiral_disk_1_0  ,0.10634619245553807,0.1365409149563069,
NGC4736_2_spiral_disk_1_0  ,0.0450072278785045,0.020129815000512565,
NGC4736_3_spiral_disk_1_0  ,0.16996400401376172,0.1543918829756294,
NGC5055_1_spiral_disk_1_0  ,0.13938947368279456,0.09666109278548014,
NGC5055_10_spiral_disk_1_0 ,1.1365749318685634,0.6219353219497986,
NGC5055_11_spiral_disk_1_0 ,1.16031292125596,0.5317309622776905,
NGC5055_12_spiral_disk_1_0 ,0.05003968162863264,0.06865026530835182,
NGC5055_13_spiral_disk_1_0 ,0.9058416750230655,0.503245375012814,
NGC5055_14_spiral_disk_1_0 ,0.01091947511820257,0.03874039868023173,
NGC5055_15_spiral_disk_1_0 ,0.2848558726487627,0.16436183851833608,
NGC5055_16_spiral_disk_1_0 ,0.1954111286370512,0.20167795783532402,
NGC5055_17_spiral_disk_1_0 ,0.5478727950611202,0.3484736842069863,
NGC5055_18_spiral_disk_1_0 ,0.3370794493010358,0.15382217123033184,
NGC5055_19_spiral_disk_1_0 ,0.641875233035212,0.4576684353890121,
NGC5055_20_spiral_disk_1_0 ,0.2630169224123575,0.2193390219395473,
NGC5055_21_spiral_disk_1_0 ,0.41588957406719357,0.2658654811388452,
NGC5055_22_spiral_disk_1_0 ,0.028010827477128332,0.026586548113884518,
NGC5055_23_spiral_disk_1_0 ,0.27820923562029154,0.21174286533558026,
NGC5055_24_spiral_disk_1_0 ,0.6304809981292614,0.4396275634545905,
NGC5055_25_spiral_disk_1_0 ,0.16616592571177827,0.13388226014491844,
NGC5055_26_spiral_disk_1_0 ,0.07814546106331055,0.09343272622879417,
NGC5055_27_spiral_disk_1_0 ,0.08203849132284365,0.09979450738461652,
NGC5055_3_spiral_disk_1_0  ,0.06200362827988068,0.04643150724174831,
NGC5055_5_spiral_disk_1_0  ,0.24687508962892768,0.10112383479031074,
NGC5055_6_spiral_disk_1_0  ,0.050989201204128524,0.05326804818531862,
NGC5055_7_spiral_disk_1_0  ,0.01975000717031421,0.02022476695806215,
NGC5055_8_spiral_disk_1_0  ,0.5697117452975254,0.47855786604992134,
NGC5055_9_spiral_disk_1_0  ,0.23643037429847302,0.16426688656078645,
NGC5656_1_spiral_disk_1_0  ,0.0075961566039670055,0.007501204646417418,
NGC5656_10_spiral_disk_1_0 ,0.04082934174632265,0.05507213537876078,
NGC5656_11_spiral_disk_1_0 ,0.006171877240723191,0.005222357665227316,
NGC5656_12_spiral_disk_1_0 ,0.03228366556685977,0.03228366556685977,
NGC5656_13_spiral_disk_1_0 ,0.011394234905950507,0.008830532052111643,
NGC5656_14_spiral_disk_1_0 ,0.007216348773768655,0.0054122615803264915,
NGC5656_15_spiral_disk_1_0 ,0.04177886132181853,0.056021654954256664,
NGC5656_16_spiral_disk_1_0 ,0.00702644485866948,0.005887021368074428,
NGC5656_17_spiral_disk_1_0 ,0.023737989387396893,0.020889430660909265,
NGC5656_18_spiral_disk_1_0 ,0.005792069410524842,0.0054122615803264915,
NGC5656_2_spiral_disk_1_0  ,0.015192313207934011,0.01709135235892576,
NGC5656_3_spiral_disk_1_0  ,0.06361781155822367,0.058870213680744285,
NGC5656_4_spiral_disk_1_0  ,0.030384626415868022,0.015192313207934011,
NGC5656_5_spiral_disk_1_0  ,0.030384626415868022,0.023737989387396893,
NGC5656_7_spiral_disk_1_0  ,0.0313341459913639,0.02753606768938039,
NGC5656_8_spiral_disk_1_0  ,0.04272838089731441,0.04177886132181853,
NGC5656_9_spiral_disk_1_0  ,0.02753606768938039,0.024687508962892762,
NGC628_1_spiral_disk_1_0   ,0.20129815000512563,0.1481250537773566,
NGC628_10_spiral_disk_1_0  ,0.2497236483554153,0.25542076580839057,
NGC628_11_spiral_disk_1_0  ,0.17566112146673699,0.15116351641894343,
NGC628_12_spiral_disk_1_0  ,0.5146396099187647,0.3722116735943833,
NGC628_13_spiral_disk_1_0  ,0.7026444858669479,0.44152660260558213,
NGC628_14_spiral_disk_1_0  ,0.8061421195959984,0.5573679908160789,
NGC628_15_spiral_disk_1_0  ,0.3066948228851678,0.2497236483554153,
NGC628_16_spiral_disk_1_0  ,0.6086420478928563,0.5450242363346326,
NGC628_17_spiral_disk_1_0  ,0.30384626415868027,0.2734616377428122,
NGC628_18_spiral_disk_1_0  ,0.04652645919929791,0.06741588986020716,
NGC628_19_spiral_disk_1_0  ,0.52033672737174,0.2829568334977709,
NGC628_2_spiral_disk_1_0   ,0.3237861752440937,0.21269238491107614,
NGC628_20_spiral_disk_1_0  ,0.526033844824715,0.4006972608592595,
NGC628_21_spiral_disk_1_0  ,0.2497236483554153,0.24117797217595238,
NGC628_22_spiral_disk_1_0  ,0.2193390219395473,0.19787987953334046,
NGC628_23_spiral_disk_1_0  ,0.31619001864012664,0.23168277642099366,
NGC628_24_spiral_disk_1_0  ,1.1441710884725302,1.0131373870540994,
NGC628_25_spiral_disk_1_0  ,0.4614665136909955,0.3066948228851678,
NGC628_27_spiral_disk_1_0  ,0.5146396099187647,0.4035458195857471,
NGC628_28_spiral_disk_1_0  ,0.35986791911293686,0.2734616377428122,
NGC628_29_spiral_disk_1_0  ,0.7757574931801303,0.611490606619344,
NGC628_3_spiral_disk_1_0   ,0.2518125914215062,0.23377171948708464,
NGC628_30_spiral_disk_1_0  ,0.5554689516650873,0.43108188727512753,
NGC628_31_spiral_disk_1_0  ,1.0663104832818684,0.8906493618151312,
NGC628_32_spiral_disk_1_0  ,0.37316119316987917,0.13198322099392673,
NGC628_33_spiral_disk_1_0  ,0.1785096801932246,0.16901448443826583,
NGC628_34_spiral_disk_1_0  ,1.2125364979082331,0.8678608920032304,
NGC628_35_spiral_disk_1_0  ,0.18990391509917515,0.1889543955236793,
NGC628_36_spiral_disk_1_0  ,0.4282333285486399,0.39594966298178014,
NGC628_37_spiral_disk_1_0  ,0.31808905779111835,0.3199880969421101,
NGC628_38_spiral_disk_1_0  ,0.3152404990646307,0.3674640757169039,
NGC628_39_spiral_disk_1_0  ,0.4928006596823595,0.42709390505804484,
NGC628_4_spiral_disk_1_0   ,1.0834018356407942,0.901094077145586,
NGC628_5_spiral_disk_1_0   ,0.6580170658186417,0.5469232754856244,
NGC628_6_spiral_disk_1_0   ,0.4842549835028966,0.34182704717851525,
NGC628_7_spiral_disk_1_0   ,0.21743998278855556,0.18800487594818338,
NGC628_8_spiral_disk_1_0   ,0.26966355944082865,0.22788469811901013,
NGC628_9_spiral_disk_1_0   ,0.1053966728800422,0.08070916391714944,
NGC6373_1_spiral_disk_1_0  ,0.005032453750128141,0.005222357665227316,
NGC6373_10_spiral_disk_1_0 ,0.018990391509917517,0.011394234905950507,
NGC6373_11_spiral_disk_1_0 ,0.012343754481446381,0.010444715330454633,
NGC6373_12_spiral_disk_1_0 ,0.0075961566039670055,0.009495195754958758,
NGC6373_13_spiral_disk_1_0 ,0.008450724221913291,0.007786060519066181,
NGC6373_14_spiral_disk_1_0 ,0.007406252688867829,0.007121396816219067,
NGC6373_3_spiral_disk_1_0  ,0.006171877240723191,0.008640628137012468,
NGC6373_4_spiral_disk_1_0  ,0.04842549835028966,0.05127405707677728,
NGC6373_5_spiral_disk_1_0  ,0.022788469811901014,0.01709135235892576,
NGC6373_7_spiral_disk_1_0  ,0.018990391509917517,0.014242793632438133,
NGC6373_8_spiral_disk_1_0  ,0.07121396816219068,0.058870213680744285,
NGC6373_9_spiral_disk_1_0  ,0.04177886132181853,0.037980783019835034,
NGC6946_1_spiral_disk_1_0  ,3.6822369137730053,3.3954820019732512,
NGC6946_10_spiral_disk_1_0 ,4.519713179360368,4.559593001531194,
NGC6946_2_spiral_disk_1_0  ,7.327442564101672,3.7525013623597,
NGC6946_3_spiral_disk_1_0  ,3.4847368420698634,1.7015390792886091,
NGC6946_4_spiral_disk_1_0  ,2.848558726487627,4.553895884078219,
NGC6946_5_spiral_disk_1_0  ,5.5584875949528545,3.5179700272122196,
NGC6946_6_spiral_disk_1_0  ,13.578129929591022,9.702191022416857,
NGC6946_7_spiral_disk_1_0  ,3.931011042552924,1.9322723361341072,
NGC6946_8_spiral_disk_1_0  ,5.2964201921159955,5.974377169020048,
NGC6946_9_spiral_disk_1_0  ,10.815027964898023,6.888764520222578,
NGC7331_1_spiral_disk_1_0  ,0.023737989387396893,0.005602165495425666,1477.1811681642982
NGC7331_10_spiral_disk_1_0 ,0.036081743868843275,0.03987982217082678,828.1167154860458
NGC7331_11_spiral_disk_1_0 ,0.09115387924760406,0.05469232754856243,3827.2421175165905
NGC7331_12_spiral_disk_1_0 ,0.3171395382156225,0.049375017925785525,13839.247812852389
NGC7331_13_spiral_disk_1_0 ,0.07596156603967007,0.05032453750128141,943.7546352160795
NGC7331_14_spiral_disk_1_0 ,0.4386780438790946,0.0740625268886783,12160.632849029324
NGC7331_15_spiral_disk_1_0 ,0.08355772264363706,0.0816586834926453,1600.279598844656
NGC7331_16_spiral_disk_1_0 ,0.10729571203103395,0.06238343611007903,2641.0208764149575
NGC7331_17_spiral_disk_1_0 ,0.00702644485866948,0.010349763372905045,544.6172993737058
NGC7331_18_spiral_disk_1_0 ,0.028010827477128332,0.012058898608797617,988.5177009180279
NGC7331_19_spiral_disk_1_0 ,0.12277288111161673,0.10416229743189757,2450.7778471816764
NGC7331_2_spiral_disk_1_0  ,0.06741588986020716,0.04462742004830615,1682.3452192982284
NGC7331_20_spiral_disk_1_0 ,0.2962501075547132,0.21554094363756376,4476.306570194843
NGC7331_21_spiral_disk_1_0 ,0.1367308188714061,0.11736061953129022,1723.3780295250147
NGC7331_22_spiral_disk_1_0 ,0.03712621540188874,0.03456251254804987,350.64401466526266
NGC7331_3_spiral_disk_1_0  ,0.05981973325624017,0.04481732396340533,574.4593431750047
NGC7331_4_spiral_disk_1_0  ,0.0351322242933474,0.022028854151504313,365.5650365659122
NGC7331_5_spiral_disk_1_0  ,0.22693517854351428,0.12628610354095146,660.2552191037394
NGC7331_6_spiral_disk_1_0  ,0.21838950236405139,0.16806496486276998,3745.176497063018
NGC7331_7_spiral_disk_1_0  ,0.1395793775978937,0.09875003585157105,1156.3791973003345
NGC7331_8_spiral_disk_1_0  ,0.0740625268886783,0.07653127778496759,1342.8919710584528
NGC7331_9_spiral_disk_1_0  ,0.14147841674888545,0.12153850566347209,2219.5020077216095
NGC925_1_spiral_disk_1_0   ,1.1090388641791826,1.0881494335182733,6833.828030497459
NGC925_10_spiral_disk_1_0  ,0.31808905779111835,0.2725121181673163,1014.6294892441643
NGC925_11_spiral_disk_1_0  ,0.27820923562029154,0.3047957837341761,6513.0260596334965
NGC925_12_spiral_disk_1_0  ,0.4149400544916977,0.26396644198785346,2271.7255843738826
NGC925_13_spiral_disk_1_0  ,0.8146877957754614,0.7434738276132707,8407.99584101598
NGC925_14_spiral_disk_1_0  ,1.0264306611110414,0.84032482431385,5084.33821264631
NGC925_15_spiral_disk_1_0  ,0.4220614513079167,0.3919616807646975,2883.487482300511
NGC925_16_spiral_disk_1_0  ,0.785252688935089,0.5915506955339305,2163.548175594174
NGC925_17_spiral_disk_1_0  ,0.42633428939764817,0.2677645202898369,1518.213978391084
NGC925_18_spiral_disk_1_0  ,0.2459255700534318,0.23168277642099366,2100.133832516414
NGC925_19_spiral_disk_1_0  ,1.504039007585467,1.297993259702862,15786.441170887147
NGC925_2_spiral_disk_1_0   ,0.43108188727512753,0.4130410153407059,3532.5519349787633
NGC925_20_spiral_disk_1_0  ,1.0207335436580662,0.922933027381991,9042.139271793581
NGC925_3_spiral_disk_1_0   ,0.9048921554475695,0.7577166212457088,9788.190366826057
NGC925_4_spiral_disk_1_0   ,0.21212267316577862,0.22655537071331594,846.7679928618578
NGC925_5_spiral_disk_1_0   ,0.13768033844690197,0.1889543955236793,1492.1021900649475
NGC925_6_spiral_disk_1_0   ,0.19759502366069173,0.14717553420186072,518.5055110475693
NGC925_7_spiral_disk_1_0   ,0.21743998278855556,0.1765156890846833,473.74244534562087
NGC925_8_spiral_disk_1_0   ,0.8422238634648417,0.6323800372802533,6703.269088866778
NGC925_9_spiral_disk_1_0   ,0.6684617811490965,0.5659136669955418,9206.270512700727
UGC04704_1_spiral_disk_1_0 ,0.3066948228851678,0.24307701132694418,
UGC04704_2_spiral_disk_1_0 ,0.4348799655771111,0.34087752760301937,
UGC06879_1_spiral_disk_1_0 ,0.022788469811901014,0.014147841674888547,
UGC06879_2_spiral_disk_1_0 ,0.028485587264876266,0.03228366556685977,
UGC06879_3_spiral_disk_1_0 ,0.01709135235892576,0.018040871934421637,
UGC06879_4_spiral_disk_1_0 ,0.04652645919929791,0.02563702853838864,
UGC06879_5_spiral_disk_1_0 ,0.08545676179462881,0.08260820306814118,
UGC06879_6_spiral_disk_1_0 ,0.07121396816219068,0.060769252831736044,
UGC06879_7_spiral_disk_1_0 ,0.020889430660909265,0.01993991108541339,
NGC1097_1_spiral_disk_2_5  ,0.5330602896833846,0.49213599597951235,1865.1277375811846
NGC1097_10_spiral_disk_2_5 ,0.7282815144053365,0.6570675462431458,5707.290876998424
NGC1097_11_spiral_disk_2_5 ,0.4833054639274007,0.404495339161243,2872.296715875024
NGC1097_12_spiral_disk_2_5 ,1.4556135092351772,1.1627816721522493,3469.1375919010034
NGC1097_13_spiral_disk_2_5 ,0.5250843252492192,0.3912020651043007,2536.5737231104113
NGC1097_14_spiral_disk_2_5 ,0.5317309622776905,0.38645446722682136,1641.3124090714425
NGC1097_2_spiral_disk_2_5  ,0.23548085472297714,0.24279215545429542,783.3536497840975
NGC1097_3_spiral_disk_2_5  ,0.6314305177047573,0.5839545389299635,3096.1120443847663
NGC1097_4_spiral_disk_2_5  ,0.4437104976292227,0.45406026100212776,1566.707299568195
NGC1097_5_spiral_disk_2_5  ,1.3891471389504662,1.0786542377633146,5632.685767495177
NGC1097_6_spiral_disk_2_5  ,2.1943397389709687,1.4784019790470786,8952.613140389685
NGC1097_7_spiral_disk_2_5  ,2.5257220708190293,1.658810698391295,7609.721169331233
NGC1097_8_spiral_disk_2_5  ,0.763413738698684,0.5849040585054595,1827.8251828295606
NGC1097_9_spiral_disk_2_5  ,1.6711544528727411,0.9770556431852561,8094.654381102341
NGC1291_1_spiral_disk_2_5  ,0.3069796787578166,0.35398089774486247,2051.640511339303
NGC1291_2_spiral_disk_2_5  ,0.2886539509507462,0.3912020651043007,2275.4558398490453
NGC1291_3_spiral_disk_2_5  ,0.28590034418180815,0.23756979778906803,1715.91751857469
NGC1291_4_spiral_disk_2_5  ,0.3195133371543622,0.41370567904355304,708.7485402808501
NGC1291_5_spiral_disk_2_5  ,0.45007227878504497,0.41579462210964396,969.8664235422159
NGC2543_1_spiral_disk_2_5  ,0.08545676179462881,0.07691108561516592,
NGC2543_2_spiral_disk_2_5  ,0.5241348056737235,0.4177886132181853,
NGC2543_3_spiral_disk_2_5  ,0.2677645202898369,0.2193390219395473,
NGC2639_1_spiral_disk_2_5  ,0.009495195754958758,0.0063617811558223675,26.111788326136583
NGC2639_2_spiral_disk_2_5  ,0.005981973325624017,0.007975964434165355,15.66707299568195
NGC2639_3_spiral_disk_2_5  ,0.007975964434165355,0.0054122615803264915,15.66707299568195
NGC2841_1_spiral_disk_2_5  ,1.3559139538081104,0.733978631858312,6677.157300540641
NGC2841_2_spiral_disk_2_5  ,2.9710467517265946,1.6369717481548898,18800.48759481834
NGC2857_1_spiral_disk_2_5  ,0.015192313207934011,0.020889430660909265,
NGC2857_10_spiral_disk_2_5 ,0.030574530330967194,0.024687508962892762,
NGC2857_11_spiral_disk_2_5 ,0.0037980783019835027,0.009495195754958758,
NGC2857_12_spiral_disk_2_5 ,0.013103370141843084,0.008260820306814118,
NGC2857_13_spiral_disk_2_5 ,0.0313341459913639,0.04367790047281028,
NGC2857_14_spiral_disk_2_5 ,0.03323318514235565,0.03418270471785152,
NGC2857_15_spiral_disk_2_5 ,0.01993991108541339,0.030384626415868022,
NGC2857_17_spiral_disk_2_5 ,0.01709135235892576,0.018040871934421637,
NGC2857_18_spiral_disk_2_5 ,0.02753606768938039,0.03218871360931018,
NGC2857_19_spiral_disk_2_5 ,0.014907457335285246,0.021269238491107612,
NGC2857_2_spiral_disk_2_5  ,0.03228366556685977,0.03323318514235565,
NGC2857_3_spiral_disk_2_5  ,0.024687508962892762,0.030384626415868022,
NGC2857_4_spiral_disk_2_5  ,0.07311300731318243,0.05981973325624017,
NGC2857_5_spiral_disk_2_5  ,0.03323318514235565,0.04082934174632265,
NGC2857_7_spiral_disk_2_5  ,0.026586548113884518,0.026586548113884518,
NGC2857_8_spiral_disk_2_5  ,0.007121396816219067,0.009115387924760406,
NGC2857_9_spiral_disk_2_5  ,0.03418270471785152,0.049375017925785525,
NGC3184_1_spiral_disk_2_5  ,,,10444.715330454634
NGC3184_2_spiral_disk_2_5  ,,,19509.23613509919
NGC3184_3_spiral_disk_2_5  ,,,23202.189055509934
NGC3184_4_spiral_disk_2_5  ,,,15965.49343369494
NGC3367_1_spiral_disk_2_5  ,0.2459255700534318,0.24402653090244006,
NGC3367_2_spiral_disk_2_5  ,0.6884016922345099,0.7121396816219068,
NGC3367_3_spiral_disk_2_5  ,0.17091352358925763,0.22788469811901013,
NGC3367_4_spiral_disk_2_5  ,0.6836540943570305,0.5412261580326491,
NGC3367_5_spiral_disk_2_5  ,0.30384626415868027,0.29435106840372144,
NGC3367_6_spiral_disk_2_5  ,0.24022845260045655,0.20414670873161328,
NGC3938_1_spiral_disk_2_5  ,0.7453728667642623,,
NGC3938_2_spiral_disk_2_5  ,1.3302769252697217,,
NGC3938_3_spiral_disk_2_5  ,1.9731016778804296,,
NGC4254_1_spiral_disk_2_5  ,1.4878971748020373,0.9476205363448839,12936.525987863095
NGC4254_2_spiral_disk_2_5  ,4.194977484540779,2.7203735837956846,44710.842125296156
NGC4254_3_spiral_disk_2_5  ,2.6785947224738655,1.5144837229159218,20904.351682809916
NGC4254_4_spiral_disk_2_5  ,4.529208375115327,2.6197245087931207,62854.804756485915
NGC4321_1_spiral_disk_2_5  ,5.11791051192277,3.123919403381431,18651.277375811846
NGC4321_2_spiral_disk_2_5  ,1.1925965868228197,0.8431733830403376,3469.1375919010034
NGC4321_3_spiral_disk_2_5  ,0.8915988813906273,0.595348773835914,2312.758394600669
NGC4321_4_spiral_disk_2_5  ,1.8002891151401799,1.2714067115889773,5371.567884233811
NGC4321_5_spiral_disk_2_5  ,2.7631019646929986,1.6550126200893114,11190.766425487107
NGC4594_2_spiral_disk_2_5  ,0.37031263444339146,0.17157818729210472,
NGC4594_3_spiral_disk_2_5  ,0.4396275634545905,0.17945919976872055,
NGC4594_4_spiral_disk_2_5  ,0.10568152875269095,0.16996400401376172,
NGC4725_1_spiral_disk_2_5  ,,,
NGC4725_2_spiral_disk_2_5  ,,,
NGC4725_3_spiral_disk_2_5  ,,,
NGC4736_1_spiral_disk_2_5  ,3.5483546536280874,2.7289192599751466,
NGC628_1_spiral_disk_2_5   ,6.005711315011413,4.48268191591603,
NGC628_2_spiral_disk_2_5   ,5.136900903432688,3.660397963536601,
NGC628_3_spiral_disk_2_5   ,5.0846773267804135,3.3413593861699864,
NGC628_4_spiral_disk_2_5   ,1.6417193460323691,1.4907457335285246,
NGC628_5_spiral_disk_2_5   ,1.7395198623084445,1.610385200041005,
NGC7331_1_spiral_disk_2_5  ,1.3274283665432343,0.8808693101875239,12000.23186359734
NGC7331_2_spiral_disk_2_5  ,0.6855531335080223,0.506948501357248,6296.671242074079
NGC925_1_spiral_disk_2_5   ,4.3563958123750774,4.2329582675606146,39503.405481969494
UGC05853_1_spiral_disk_2_5 ,0.011394234905950507,0.0075961566039670055,
UGC05853_2_spiral_disk_2_5 ,0.014242793632438133,0.00854567617946288,
UGC05853_3_spiral_disk_2_5 ,0.022788469811901014,0.01709135235892576,
NGC1097_1_spiral_nuc_1_0   ,6.470975907004393,3.46954452886193,64697.55096121612
NGC1291_1_spiral_nuc_1_0   ,1.3417661121332218,0.5110314355318802,22459.86821595263
NGC2403_1_spiral_nuc_1_0   ,11.194835795096372,8.061421195959985,
NGC24_1_spiral_nuc_1_0     ,2.7536067689380395,1.9379694535870822,
NGC2543_1_spiral_nuc_1_0   ,0.09780051627607518,0.023737989387396893,
NGC2639_1_spiral_nuc_1_0   ,0.01709135235892576,0.008830532052111643,1436.148357937512
NGC2841_1_spiral_nuc_1_0   ,0.8830532052111643,0.5079929728902934,2890.9479932508357
NGC3049_1_spiral_nuc_1_0   ,1.9094838663222062,1.1745557148883983,26928.71427519714
NGC3184_1_spiral_nuc_1_0   ,,,4010.024635799546
NGC3344_1_spiral_nuc_1_0   ,2.5029336010071286,1.313185572910796,
NGC3353_1_spiral_nuc_1_0   ,4.221564032654663,3.6689436397160633,
NGC3367_1_spiral_nuc_1_0   ,1.4812505377735659,1.1261302165381084,
NGC337_1_spiral_nuc_1_0    ,0.9115387924760405,0.4918511401068636,
NGC3521_1_spiral_nuc_1_0   ,2.6273206653970878,0.526033844824715,58863.43139806218
NGC3621_1_spiral_nuc_1_0   ,6.490915818089805,2.765950523419485,
NGC3633_1_spiral_nuc_1_0   ,0.06551685070921544,0.018990391509917517,
NGC3938_1_spiral_nuc_1_0   ,0.6285819589782697,,
NGC4254_1_spiral_nuc_1_0   ,1.4717553420186071,0.39405062383078837,20068.774456373547
NGC4321_1_spiral_nuc_1_0   ,7.136589129427001,3.444857019899037,17039.8070105417
NGC4450_1_spiral_nuc_1_0   ,0.3304328122725647,,4181.616387657016
NGC4559_1_spiral_nuc_1_0   ,2.586491323650766,1.7376208231574524,
NGC4579_1_spiral_nuc_1_0   ,0.6760579377530633,0.29055299010173796,196024.92521978248
NGC4594_1_spiral_nuc_1_0   ,1.6417193460323691,0.7494558009388947,
NGC4725_1_spiral_nuc_1_0   ,,,
NGC4736_1_spiral_nuc_1_0   ,45.59593001531196,27.52752201320093,
NGC4826_1_spiral_nuc_1_0   ,19.38064405544632,9.099341043934526,
NGC5055_1_spiral_nuc_1_0   ,4.197826043267266,1.3597120321100937,
NGC5656_1_spiral_nuc_1_0   ,0.029435106840372142,0.03228366556685977,
NGC628_1_spiral_nuc_1_0    ,1.3283778861187299,0.5241348056737235,
NGC6373_1_spiral_nuc_1_0   ,0.03228366556685977,0.016141832783429885,
NGC6946_1_spiral_nuc_1_0   ,2.4212749175144825,1.0834018356407942,
NGC7331_1_spiral_nuc_1_0   ,0.901094077145586,0.17376208231574525,4215.188686933478
NGC7793_1_spiral_nuc_1_0   ,25.61044199027476,17.887049763191307,
NGC925_1_spiral_nuc_1_0    ,4.492177111670987,3.5644964864115174,26857.839421169057
UGC04704_1_spiral_nuc_1_0  ,0.6095915674683522,0.4874833500595826,
UGC06879_1_spiral_nuc_1_0  ,0.05981973325624017,0.04462742004830615,
NGC1097_1_spiral_nuc_2_5   ,8.212394808463827,3.234063674138952,79081.41607344222
NGC1291_1_spiral_nuc_2_5   ,2.921671733800809,0.9969006023131198,39615.313146224355
NGC2403_1_spiral_nuc_2_5   ,62.497378459138524,44.085244370698014,
NGC24_1_spiral_nuc_2_5     ,7.271895668935164,5.26518099808218,
NGC2543_1_spiral_nuc_2_5   ,0.12438706438995974,0.024687508962892762,
NGC2639_1_spiral_nuc_2_5   ,0.3370794493010358,0.11109379033301747,3808.590840140779
NGC2841_1_spiral_nuc_2_5   ,3.176142980033704,1.5584464792613808,10817.74087797087
NGC2857_1_spiral_nuc_2_5   ,0.005127405707677728,0.006741588986020717,
NGC3049_1_spiral_nuc_2_5   ,2.431719632844937,1.4421303312631357,34549.626210953866
NGC3184_1_spiral_nuc_2_5   ,,,9288.336133154298
NGC3344_1_spiral_nuc_2_5   ,19.348360389879456,11.46260031538621,
NGC3353_1_spiral_nuc_2_5   ,5.566368607429473,4.253372938433775,
NGC3367_1_spiral_nuc_2_5   ,1.533474114425839,0.9105892729005448,
NGC337_1_spiral_nuc_2_5    ,4.7428502796019,2.0946401835439015,
NGC3521_1_spiral_nuc_2_5   ,14.892265022077313,5.267080037233172,282790.6675720592
NGC3621_1_spiral_nuc_2_5   ,33.10215144093722,17.003047038404645,
NGC3633_1_spiral_nuc_2_5   ,0.2770698121296965,0.11774042736148857,
NGC3938_1_spiral_nuc_2_5   ,4.407669869451855,,
NGC4254_1_spiral_nuc_2_5   ,7.917094220484611,2.788738993231387,102358.2102384554
NGC4321_1_spiral_nuc_2_5   ,8.18390922119895,3.210325684751555,18427.462047302102
NGC4450_1_spiral_nuc_2_5   ,1.2394079018947661,,11026.635184579964
NGC4559_1_spiral_nuc_2_5   ,13.777529040445156,8.701397389844205,
NGC4579_1_spiral_nuc_2_5   ,1.9977891868433224,0.7795555714821139,260446.43727583662
NGC4594_1_spiral_nuc_2_5   ,3.838907643729825,1.55854143121893,
NGC4725_1_spiral_nuc_2_5   ,,,
NGC4736_1_spiral_nuc_2_5   ,75.7897029965053,48.3114610492726,
NGC4826_1_spiral_nuc_2_5   ,29.13202019187386,12.421425182721944,
NGC5055_1_spiral_nuc_2_5   ,17.863311773803908,6.884016922345099,
NGC5656_1_spiral_nuc_2_5   ,0.549771834212112,0.2506731679309112,
NGC628_1_spiral_nuc_2_5    ,5.3125620248994245,2.4981860031296486,
NGC6373_1_spiral_nuc_2_5   ,0.20604574788260502,0.14242793632438136,
NGC6946_1_spiral_nuc_2_5   ,42.092202781732176,34.70304144522327,
NGC7331_1_spiral_nuc_2_5   ,4.347850136195615,1.313185572910796,72549.7387364329
NGC7793_1_spiral_nuc_2_5   ,108.98585687541662,82.28726545162358,
NGC925_1_spiral_nuc_2_5    ,9.89019589836504,7.287562741930845,61884.93833294371
UGC04704_1_spiral_nuc_2_5  ,1.2391230460221179,1.0082948372190705,
UGC05853_1_spiral_nuc_2_5  ,0.010444715330454633,0.005222357665227316,
UGC06879_1_spiral_nuc_2_5  ,0.442476122181078,0.29245202925272973,
